0 verbose cli /data/data/com.termux/files/usr/bin/node /data/data/com.termux/files/usr/bin/npm
1 info using npm@11.18.0
2 info using node@v24.18.0
3 silly config load:file:/data/data/com.termux/files/usr/lib/node_modules/npm/npmrc
4 silly config load:file:/data/data/com.termux/files/home/.npmrc
5 silly config load:file:/data/data/com.termux/files/usr/etc/npmrc
6 verbose title npm install live-server
7 verbose argv "install" "--global" "live-server"
8 verbose logfile logs-max:10 dir:/data/data/com.termux/files/home/.npm/_logs/2026-07-25T09_45_28_251Z-
9 verbose logfile /data/data/com.termux/files/home/.npm/_logs/2026-07-25T09_45_28_251Z-debug-0.log
10 silly packumentCache heap:1091043328 maxSize:272760832 maxEntrySize:136380416
11 silly logfile done cleaning log files
12 silly idealTree buildDeps
13 silly fetch manifest live-server@*
14 silly packumentCache full:https://registry.npmjs.org/live-server cache-miss
15 http fetch GET 200 https://registry.npmjs.org/live-server 1502ms (cache miss)
16 silly packumentCache full:https://registry.npmjs.org/live-server set size:undefined disposed:false
17 silly placeDep ROOT live-server@1.2.2 OK for:  want: *
18 silly fetch manifest opn@latest
19 silly packumentCache full:https://registry.npmjs.org/opn cache-miss
20 silly fetch manifest cors@latest
21 silly packumentCache full:https://registry.npmjs.org/cors cache-miss
22 silly fetch manifest send@latest
23 silly packumentCache full:https://registry.npmjs.org/send cache-miss
24 silly fetch manifest colors@1.4.0
25 silly packumentCache full:https://registry.npmjs.org/colors cache-miss
26 silly fetch manifest morgan@^1.9.1
27 silly packumentCache full:https://registry.npmjs.org/morgan cache-miss
28 silly fetch manifest connect@^3.6.6
29 silly packumentCache full:https://registry.npmjs.org/connect cache-miss
30 silly fetch manifest chokidar@^2.0.4
31 silly packumentCache full:https://registry.npmjs.org/chokidar cache-miss
32 http fetch GET 200 https://registry.npmjs.org/npm 1961ms
33 http fetch GET 200 https://registry.npmjs.org/opn 868ms (cache miss)
34 silly packumentCache full:https://registry.npmjs.org/opn set size:undefined disposed:false
35 silly fetch manifest http-auth@3.1.x
36 silly packumentCache full:https://registry.npmjs.org/http-auth cache-miss
37 http fetch GET 200 https://registry.npmjs.org/http-auth 661ms (cache miss)
38 silly packumentCache full:https://registry.npmjs.org/http-auth set size:undefined disposed:false
39 silly fetch manifest serve-index@^1.9.1
40 silly packumentCache full:https://registry.npmjs.org/serve-index cache-miss
41 http fetch GET 200 https://registry.npmjs.org/cors 1611ms (cache miss)
42 silly packumentCache full:https://registry.npmjs.org/cors set size:undefined disposed:false
43 silly fetch manifest event-stream@3.3.4
44 silly packumentCache full:https://registry.npmjs.org/event-stream cache-miss
45 http fetch GET 200 https://registry.npmjs.org/send 1634ms (cache miss)
46 silly packumentCache full:https://registry.npmjs.org/send set size:undefined disposed:false
47 silly fetch manifest object-assign@latest
48 silly packumentCache full:https://registry.npmjs.org/object-assign cache-miss
49 http fetch GET 200 https://registry.npmjs.org/morgan 1654ms (cache miss)
50 silly packumentCache full:https://registry.npmjs.org/morgan set size:undefined disposed:false
51 silly fetch manifest faye-websocket@0.11.x
52 silly packumentCache full:https://registry.npmjs.org/faye-websocket cache-miss
53 http fetch GET 200 https://registry.npmjs.org/colors 1688ms (cache miss)
54 silly packumentCache full:https://registry.npmjs.org/colors set size:undefined disposed:false
55 silly fetch manifest proxy-middleware@latest
56 silly packumentCache full:https://registry.npmjs.org/proxy-middleware cache-miss
57 http fetch GET 200 https://registry.npmjs.org/chokidar 1727ms (cache miss)
58 silly packumentCache full:https://registry.npmjs.org/chokidar set size:undefined disposed:false
59 http fetch GET 200 https://registry.npmjs.org/connect 1768ms (cache miss)
60 silly packumentCache full:https://registry.npmjs.org/connect set size:undefined disposed:false
61 http fetch GET 200 https://registry.npmjs.org/serve-index 491ms (cache miss)
62 silly packumentCache full:https://registry.npmjs.org/serve-index set size:undefined disposed:false
63 http fetch GET 200 https://registry.npmjs.org/object-assign 431ms (cache miss)
64 silly packumentCache full:https://registry.npmjs.org/object-assign set size:undefined disposed:false
65 http fetch GET 200 https://registry.npmjs.org/faye-websocket 415ms (cache miss)
66 silly packumentCache full:https://registry.npmjs.org/faye-websocket set size:undefined disposed:false
67 http fetch GET 200 https://registry.npmjs.org/event-stream 483ms (cache miss)
68 silly packumentCache full:https://registry.npmjs.org/event-stream set size:undefined disposed:false
69 http fetch GET 200 https://registry.npmjs.org/proxy-middleware 416ms (cache miss)
70 silly packumentCache full:https://registry.npmjs.org/proxy-middleware set size:undefined disposed:false
71 silly placeDep node_modules/live-server chokidar@2.1.8 OK for: live-server@1.2.2 want: ^2.0.4
72 silly placeDep node_modules/live-server colors@1.4.0 OK for: live-server@1.2.2 want: 1.4.0
73 silly placeDep node_modules/live-server connect@3.7.0 OK for: live-server@1.2.2 want: ^3.6.6
74 silly placeDep node_modules/live-server cors@2.8.6 OK for: live-server@1.2.2 want: latest
75 silly placeDep node_modules/live-server event-stream@3.3.4 OK for: live-server@1.2.2 want: 3.3.4
76 silly placeDep node_modules/live-server faye-websocket@0.11.4 OK for: live-server@1.2.2 want: 0.11.x
77 silly placeDep node_modules/live-server http-auth@3.1.3 OK for: live-server@1.2.2 want: 3.1.x
78 silly placeDep node_modules/live-server morgan@1.11.0 OK for: live-server@1.2.2 want: ^1.9.1
79 silly placeDep node_modules/live-server object-assign@4.1.1 OK for: live-server@1.2.2 want: latest
80 silly placeDep node_modules/live-server opn@6.0.0 OK for: live-server@1.2.2 want: latest
81 silly placeDep node_modules/live-server proxy-middleware@0.15.0 OK for: live-server@1.2.2 want: latest
82 silly placeDep node_modules/live-server send@1.2.1 OK for: live-server@1.2.2 want: latest
83 silly placeDep node_modules/live-server serve-index@1.9.2 OK for: live-server@1.2.2 want: ^1.9.1
84 silly fetch manifest upath@^1.1.1
85 silly packumentCache full:https://registry.npmjs.org/upath cache-miss
86 silly fetch manifest braces@^2.3.2
87 silly packumentCache full:https://registry.npmjs.org/braces cache-miss
88 silly fetch manifest is-glob@^4.0.0
89 silly packumentCache full:https://registry.npmjs.org/is-glob cache-miss
90 silly fetch manifest anymatch@^2.0.0
91 silly packumentCache full:https://registry.npmjs.org/anymatch cache-miss
92 silly fetch manifest inherits@^2.0.3
93 silly packumentCache full:https://registry.npmjs.org/inherits cache-miss
94 silly fetch manifest readdirp@^2.2.1
95 silly packumentCache full:https://registry.npmjs.org/readdirp cache-miss
96 silly fetch manifest async-each@^1.0.1
97 silly packumentCache full:https://registry.npmjs.org/async-each cache-miss
98 http fetch GET 200 https://registry.npmjs.org/async-each 403ms (cache miss)
99 silly packumentCache full:https://registry.npmjs.org/async-each set size:undefined disposed:false
100 silly fetch manifest glob-parent@^3.1.0
101 silly packumentCache full:https://registry.npmjs.org/glob-parent cache-miss
102 http fetch GET 200 https://registry.npmjs.org/inherits 430ms (cache miss)
103 silly packumentCache full:https://registry.npmjs.org/inherits set size:undefined disposed:false
104 silly fetch manifest is-binary-path@^1.0.0
105 silly packumentCache full:https://registry.npmjs.org/is-binary-path cache-miss
106 http fetch GET 200 https://registry.npmjs.org/is-glob 450ms (cache miss)
107 silly packumentCache full:https://registry.npmjs.org/is-glob set size:undefined disposed:false
108 silly fetch manifest normalize-path@^3.0.0
109 silly packumentCache full:https://registry.npmjs.org/normalize-path cache-miss
110 http fetch GET 200 https://registry.npmjs.org/braces 478ms (cache miss)
111 silly packumentCache full:https://registry.npmjs.org/braces set size:undefined disposed:false
112 silly fetch manifest path-is-absolute@^1.0.0
113 silly packumentCache full:https://registry.npmjs.org/path-is-absolute cache-miss
114 http fetch GET 200 https://registry.npmjs.org/anymatch 498ms (cache miss)
115 silly packumentCache full:https://registry.npmjs.org/anymatch set size:undefined disposed:false
116 silly fetch manifest fsevents@^1.2.7
117 silly packumentCache full:https://registry.npmjs.org/fsevents cache-miss
118 http fetch GET 200 https://registry.npmjs.org/readdirp 516ms (cache miss)
119 silly packumentCache full:https://registry.npmjs.org/readdirp set size:undefined disposed:false
120 silly fetch manifest debug@2.6.9
121 silly packumentCache full:https://registry.npmjs.org/debug cache-miss
122 http fetch GET 200 https://registry.npmjs.org/upath 564ms (cache miss)
123 silly packumentCache full:https://registry.npmjs.org/upath set size:undefined disposed:false
124 silly fetch manifest finalhandler@1.1.2
125 silly packumentCache full:https://registry.npmjs.org/finalhandler cache-miss
126 http fetch GET 200 https://registry.npmjs.org/glob-parent 279ms (cache miss)
127 silly packumentCache full:https://registry.npmjs.org/glob-parent set size:undefined disposed:false
128 silly fetch manifest parseurl@~1.3.3
129 silly packumentCache full:https://registry.npmjs.org/parseurl cache-miss
130 http fetch GET 200 https://registry.npmjs.org/normalize-path 314ms (cache miss)
131 silly packumentCache full:https://registry.npmjs.org/normalize-path set size:undefined disposed:false
132 silly fetch manifest utils-merge@1.0.1
133 silly packumentCache full:https://registry.npmjs.org/utils-merge cache-miss
134 http fetch GET 200 https://registry.npmjs.org/is-binary-path 373ms (cache miss)
135 silly packumentCache full:https://registry.npmjs.org/is-binary-path set size:undefined disposed:false
136 silly fetch manifest object-assign@^4
137 silly packumentCache full:https://registry.npmjs.org/object-assign cache-miss
138 http fetch GET 200 https://registry.npmjs.org/path-is-absolute 360ms (cache miss)
139 silly packumentCache full:https://registry.npmjs.org/path-is-absolute set size:undefined disposed:false
140 silly fetch manifest vary@^1
141 silly packumentCache full:https://registry.npmjs.org/vary cache-miss
142 http fetch GET 200 https://registry.npmjs.org/fsevents 437ms (cache miss)
143 silly packumentCache full:https://registry.npmjs.org/fsevents set size:undefined disposed:false
144 silly fetch manifest through@~2.3.1
145 silly packumentCache full:https://registry.npmjs.org/through cache-miss
146 http cache https://registry.npmjs.org/object-assign 149ms (cache hit)
147 silly packumentCache full:https://registry.npmjs.org/object-assign set size:28988 disposed:false
148 silly fetch manifest duplexer@~0.1.1
149 silly packumentCache full:https://registry.npmjs.org/duplexer cache-miss
150 http fetch GET 200 https://registry.npmjs.org/finalhandler 428ms (cache miss)
151 silly packumentCache full:https://registry.npmjs.org/finalhandler set size:undefined disposed:false
152 silly fetch manifest from@~0
153 silly packumentCache full:https://registry.npmjs.org/from cache-miss
154 http fetch GET 200 https://registry.npmjs.org/debug 486ms (cache miss)
155 silly packumentCache full:https://registry.npmjs.org/debug set size:undefined disposed:false
156 silly fetch manifest map-stream@~0.1.0
157 silly packumentCache full:https://registry.npmjs.org/map-stream cache-miss
158 http fetch GET 200 https://registry.npmjs.org/parseurl 394ms (cache miss)
159 silly packumentCache full:https://registry.npmjs.org/parseurl set size:undefined disposed:false
160 silly fetch manifest pause-stream@0.0.11
161 silly packumentCache full:https://registry.npmjs.org/pause-stream cache-miss
162 http fetch GET 200 https://registry.npmjs.org/utils-merge 349ms (cache miss)
163 silly packumentCache full:https://registry.npmjs.org/utils-merge set size:undefined disposed:false
164 silly fetch manifest split@0.3
165 silly packumentCache full:https://registry.npmjs.org/split cache-miss
166 http fetch GET 200 https://registry.npmjs.org/vary 286ms (cache miss)
167 silly packumentCache full:https://registry.npmjs.org/vary set size:undefined disposed:false
168 silly fetch manifest stream-combiner@~0.0.4
169 silly packumentCache full:https://registry.npmjs.org/stream-combiner cache-miss
170 http fetch GET 200 https://registry.npmjs.org/map-stream 243ms (cache miss)
171 silly packumentCache full:https://registry.npmjs.org/map-stream set size:undefined disposed:false
172 silly fetch manifest websocket-driver@>=0.5.1
173 silly packumentCache full:https://registry.npmjs.org/websocket-driver cache-miss
174 http fetch GET 200 https://registry.npmjs.org/from 430ms (cache miss)
175 silly packumentCache full:https://registry.npmjs.org/from set size:undefined disposed:false
176 silly fetch manifest uuid@^3.0.0
177 silly packumentCache full:https://registry.npmjs.org/uuid cache-miss
178 http fetch GET 200 https://registry.npmjs.org/split 322ms (cache miss)
179 silly packumentCache full:https://registry.npmjs.org/split set size:undefined disposed:false
180 silly fetch manifest bcryptjs@^2.3.0
181 silly packumentCache full:https://registry.npmjs.org/bcryptjs cache-miss
182 http fetch GET 200 https://registry.npmjs.org/duplexer 503ms (cache miss)
183 silly packumentCache full:https://registry.npmjs.org/duplexer set size:undefined disposed:false
184 silly fetch manifest apache-md5@^1.0.6
185 silly packumentCache full:https://registry.npmjs.org/apache-md5 cache-miss
186 http fetch GET 200 https://registry.npmjs.org/pause-stream 398ms (cache miss)
187 silly packumentCache full:https://registry.npmjs.org/pause-stream set size:undefined disposed:false
188 silly fetch manifest apache-crypt@^1.1.2
189 silly packumentCache full:https://registry.npmjs.org/apache-crypt cache-miss
190 http fetch GET 200 https://registry.npmjs.org/through 571ms (cache miss)
191 silly packumentCache full:https://registry.npmjs.org/through set size:undefined disposed:false
192 silly fetch manifest basic-auth@~2.0.1
193 silly packumentCache full:https://registry.npmjs.org/basic-auth cache-miss
194 http fetch GET 200 https://registry.npmjs.org/stream-combiner 429ms (cache miss)
195 silly packumentCache full:https://registry.npmjs.org/stream-combiner set size:undefined disposed:false
196 silly fetch manifest depd@~2.0.0
197 silly packumentCache full:https://registry.npmjs.org/depd cache-miss
198 http fetch GET 200 https://registry.npmjs.org/websocket-driver 314ms (cache miss)
199 silly packumentCache full:https://registry.npmjs.org/websocket-driver set size:undefined disposed:false
200 silly fetch manifest on-finished@~2.4.1
201 silly packumentCache full:https://registry.npmjs.org/on-finished cache-miss
202 http fetch GET 200 https://registry.npmjs.org/uuid 411ms (cache miss)
203 silly packumentCache full:https://registry.npmjs.org/uuid set size:undefined disposed:false
204 silly fetch manifest on-headers@~1.1.0
205 silly packumentCache full:https://registry.npmjs.org/on-headers cache-miss
206 http fetch GET 200 https://registry.npmjs.org/depd 317ms (cache miss)
207 silly packumentCache full:https://registry.npmjs.org/depd set size:undefined disposed:false
208 silly fetch manifest is-wsl@^1.1.0
209 silly packumentCache full:https://registry.npmjs.org/is-wsl cache-miss
210 http fetch GET 200 https://registry.npmjs.org/basic-auth 386ms (cache miss)
211 silly packumentCache full:https://registry.npmjs.org/basic-auth set size:undefined disposed:false
212 silly fetch manifest debug@^4.4.3
213 silly packumentCache full:https://registry.npmjs.org/debug cache-miss
214 http fetch GET 200 https://registry.npmjs.org/on-finished 321ms (cache miss)
215 silly packumentCache full:https://registry.npmjs.org/on-finished set size:undefined disposed:false
216 silly fetch manifest encodeurl@^2.0.0
217 silly packumentCache full:https://registry.npmjs.org/encodeurl cache-miss
218 http fetch GET 200 https://registry.npmjs.org/bcryptjs 516ms (cache miss)
219 silly packumentCache full:https://registry.npmjs.org/bcryptjs set size:undefined disposed:false
220 silly fetch manifest escape-html@^1.0.3
221 silly packumentCache full:https://registry.npmjs.org/escape-html cache-miss
222 http cache https://registry.npmjs.org/debug 91ms (cache hit)
223 silly packumentCache full:https://registry.npmjs.org/debug set size:195840 disposed:false
224 silly fetch manifest etag@^1.8.1
225 silly packumentCache full:https://registry.npmjs.org/etag cache-miss
226 http fetch GET 200 https://registry.npmjs.org/apache-md5 573ms (cache miss)
227 silly packumentCache full:https://registry.npmjs.org/apache-md5 set size:undefined disposed:false
228 silly fetch manifest fresh@^2.0.0
229 silly packumentCache full:https://registry.npmjs.org/fresh cache-miss
230 http fetch GET 200 https://registry.npmjs.org/apache-crypt 551ms (cache miss)
231 silly packumentCache full:https://registry.npmjs.org/apache-crypt set size:undefined disposed:false
232 silly fetch manifest http-errors@^2.0.1
233 silly packumentCache full:https://registry.npmjs.org/http-errors cache-miss
234 http fetch GET 200 https://registry.npmjs.org/on-headers 267ms (cache miss)
235 silly packumentCache full:https://registry.npmjs.org/on-headers set size:undefined disposed:false
236 silly fetch manifest mime-types@^3.0.2
237 silly packumentCache full:https://registry.npmjs.org/mime-types cache-miss
238 http fetch GET 200 https://registry.npmjs.org/is-wsl 347ms (cache miss)
239 silly packumentCache full:https://registry.npmjs.org/is-wsl set size:undefined disposed:false
240 silly fetch manifest ms@^2.1.3
241 silly packumentCache full:https://registry.npmjs.org/ms cache-miss
242 http fetch GET 200 https://registry.npmjs.org/encodeurl 322ms (cache miss)
243 silly packumentCache full:https://registry.npmjs.org/encodeurl set size:undefined disposed:false
244 silly fetch manifest on-finished@^2.4.1
245 silly packumentCache full:https://registry.npmjs.org/on-finished cache-miss
246 http fetch GET 200 https://registry.npmjs.org/escape-html 290ms (cache miss)
247 silly packumentCache full:https://registry.npmjs.org/escape-html set size:undefined disposed:false
248 silly fetch manifest range-parser@^1.2.1
249 silly packumentCache full:https://registry.npmjs.org/range-parser cache-miss
250 http cache https://registry.npmjs.org/on-finished 70ms (cache hit)
251 silly packumentCache full:https://registry.npmjs.org/on-finished set size:23212 disposed:false
252 silly fetch manifest statuses@^2.0.2
253 silly packumentCache full:https://registry.npmjs.org/statuses cache-miss
254 http fetch GET 200 https://registry.npmjs.org/etag 322ms (cache miss)
255 silly packumentCache full:https://registry.npmjs.org/etag set size:undefined disposed:false
256 silly fetch manifest accepts@~1.3.8
257 silly packumentCache full:https://registry.npmjs.org/accepts cache-miss
258 http fetch GET 200 https://registry.npmjs.org/fresh 314ms (cache miss)
259 silly packumentCache full:https://registry.npmjs.org/fresh set size:undefined disposed:false
260 silly fetch manifest batch@0.6.1
261 silly packumentCache full:https://registry.npmjs.org/batch cache-miss
262 http fetch GET 200 https://registry.npmjs.org/http-errors 359ms (cache miss)
263 silly packumentCache full:https://registry.npmjs.org/http-errors set size:undefined disposed:false
264 silly fetch manifest escape-html@~1.0.3
265 silly packumentCache full:https://registry.npmjs.org/escape-html cache-miss
266 http fetch GET 200 https://registry.npmjs.org/mime-types 328ms (cache miss)
267 silly packumentCache full:https://registry.npmjs.org/mime-types set size:undefined disposed:false
268 silly fetch manifest http-errors@~1.8.0
269 silly packumentCache full:https://registry.npmjs.org/http-errors cache-miss
270 http cache https://registry.npmjs.org/escape-html 61ms (cache hit)
271 silly packumentCache full:https://registry.npmjs.org/escape-html set size:7345 disposed:false
272 silly fetch manifest mime-types@~2.1.35
273 silly packumentCache full:https://registry.npmjs.org/mime-types cache-miss
274 http fetch GET 200 https://registry.npmjs.org/ms 272ms (cache miss)
275 silly packumentCache full:https://registry.npmjs.org/ms set size:undefined disposed:false
276 http cache https://registry.npmjs.org/http-errors 54ms (cache hit)
277 silly packumentCache full:https://registry.npmjs.org/http-errors set size:71987 disposed:false
278 http cache https://registry.npmjs.org/mime-types 61ms (cache hit)
279 silly packumentCache full:https://registry.npmjs.org/mime-types set size:139110 disposed:false
280 http fetch GET 200 https://registry.npmjs.org/range-parser 369ms (cache miss)
281 silly packumentCache full:https://registry.npmjs.org/range-parser set size:undefined disposed:false
282 http fetch GET 200 https://registry.npmjs.org/batch 276ms (cache miss)
283 silly packumentCache full:https://registry.npmjs.org/batch set size:undefined disposed:false
284 http fetch GET 200 https://registry.npmjs.org/statuses 319ms (cache miss)
285 silly packumentCache full:https://registry.npmjs.org/statuses set size:undefined disposed:false
286 http fetch GET 200 https://registry.npmjs.org/accepts 308ms (cache miss)
287 silly packumentCache full:https://registry.npmjs.org/accepts set size:undefined disposed:false
288 silly placeDep node_modules/live-server anymatch@2.0.0 OK for: chokidar@2.1.8 want: ^2.0.0
289 silly placeDep node_modules/live-server async-each@1.0.6 OK for: chokidar@2.1.8 want: ^1.0.1
290 silly placeDep node_modules/live-server braces@2.3.2 OK for: chokidar@2.1.8 want: ^2.3.2
291 silly placeDep node_modules/live-server fsevents@1.2.13 OK for: chokidar@2.1.8 want: ^1.2.7
292 silly placeDep node_modules/live-server glob-parent@3.1.0 OK for: chokidar@2.1.8 want: ^3.1.0
293 silly placeDep node_modules/live-server inherits@2.0.4 OK for: chokidar@2.1.8 want: ^2.0.3
294 silly placeDep node_modules/live-server is-binary-path@1.0.1 OK for: chokidar@2.1.8 want: ^1.0.0
295 silly placeDep node_modules/live-server is-glob@4.0.3 OK for: chokidar@2.1.8 want: ^4.0.0
296 silly placeDep node_modules/live-server normalize-path@3.0.0 OK for: chokidar@2.1.8 want: ^3.0.0
297 silly placeDep node_modules/live-server path-is-absolute@1.0.1 OK for: chokidar@2.1.8 want: ^1.0.0
298 silly placeDep node_modules/live-server readdirp@2.2.1 OK for: chokidar@2.1.8 want: ^2.2.1
299 silly placeDep node_modules/live-server upath@1.2.0 OK for: chokidar@2.1.8 want: ^1.1.1
300 silly fetch manifest micromatch@^3.1.4
301 silly packumentCache full:https://registry.npmjs.org/micromatch cache-miss
302 silly fetch manifest normalize-path@^2.1.1
303 silly packumentCache full:https://registry.npmjs.org/normalize-path cache-miss
304 silly fetch manifest isobject@^3.0.1
305 silly packumentCache full:https://registry.npmjs.org/isobject cache-miss
306 silly fetch manifest to-regex@^3.0.1
307 silly packumentCache full:https://registry.npmjs.org/to-regex cache-miss
308 silly fetch manifest fill-range@^4.0.0
309 silly packumentCache full:https://registry.npmjs.org/fill-range cache-miss
310 silly fetch manifest snapdragon@^0.8.1
311 silly packumentCache full:https://registry.npmjs.org/snapdragon cache-miss
312 silly fetch manifest arr-flatten@^1.1.0
313 silly packumentCache full:https://registry.npmjs.org/arr-flatten cache-miss
314 http cache https://registry.npmjs.org/normalize-path 73ms (cache hit)
315 silly packumentCache full:https://registry.npmjs.org/normalize-path set size:28713 disposed:false
316 silly fetch manifest array-unique@^0.3.2
317 silly packumentCache full:https://registry.npmjs.org/array-unique cache-miss
318 http fetch GET 200 https://registry.npmjs.org/snapdragon 323ms (cache miss)
319 silly packumentCache full:https://registry.npmjs.org/snapdragon set size:undefined disposed:false
320 silly fetch manifest split-string@^3.0.2
321 silly packumentCache full:https://registry.npmjs.org/split-string cache-miss
322 http fetch GET 200 https://registry.npmjs.org/arr-flatten 338ms (cache miss)
323 silly packumentCache full:https://registry.npmjs.org/arr-flatten set size:undefined disposed:false
324 silly fetch manifest extend-shallow@^2.0.1
325 silly packumentCache full:https://registry.npmjs.org/extend-shallow cache-miss
326 http fetch GET 200 https://registry.npmjs.org/isobject 373ms (cache miss)
327 silly packumentCache full:https://registry.npmjs.org/isobject set size:undefined disposed:false
328 silly fetch manifest repeat-element@^1.1.2
329 silly packumentCache full:https://registry.npmjs.org/repeat-element cache-miss
330 http fetch GET 200 https://registry.npmjs.org/fill-range 383ms (cache miss)
331 silly packumentCache full:https://registry.npmjs.org/fill-range set size:undefined disposed:false
332 silly fetch manifest snapdragon-node@^2.0.1
333 silly packumentCache full:https://registry.npmjs.org/snapdragon-node cache-miss
334 http fetch GET 200 https://registry.npmjs.org/micromatch 431ms (cache miss)
335 silly packumentCache full:https://registry.npmjs.org/micromatch set size:undefined disposed:false
336 silly fetch manifest nan@^2.12.1
337 silly packumentCache full:https://registry.npmjs.org/nan cache-miss
338 http fetch GET 200 https://registry.npmjs.org/array-unique 461ms (cache miss)
339 silly packumentCache full:https://registry.npmjs.org/array-unique set size:undefined disposed:false
340 silly fetch manifest bindings@^1.5.0
341 silly packumentCache full:https://registry.npmjs.org/bindings cache-miss
342 http fetch GET 200 https://registry.npmjs.org/to-regex 562ms (cache miss)
343 silly packumentCache full:https://registry.npmjs.org/to-regex set size:undefined disposed:false
344 silly fetch manifest is-glob@^3.1.0
345 silly packumentCache full:https://registry.npmjs.org/is-glob cache-miss
346 http cache https://registry.npmjs.org/is-glob 79ms (cache hit)
347 silly packumentCache full:https://registry.npmjs.org/is-glob set size:40530 disposed:false
348 silly fetch manifest path-dirname@^1.0.0
349 silly packumentCache full:https://registry.npmjs.org/path-dirname cache-miss
350 http fetch GET 200 https://registry.npmjs.org/repeat-element 313ms (cache miss)
351 silly packumentCache full:https://registry.npmjs.org/repeat-element set size:undefined disposed:false
352 silly fetch manifest binary-extensions@^1.0.0
353 silly packumentCache full:https://registry.npmjs.org/binary-extensions cache-miss
354 http fetch GET 200 https://registry.npmjs.org/extend-shallow 392ms (cache miss)
355 silly packumentCache full:https://registry.npmjs.org/extend-shallow set size:undefined disposed:false
356 silly fetch manifest is-extglob@^2.1.1
357 silly packumentCache full:https://registry.npmjs.org/is-extglob cache-miss
358 http fetch GET 200 https://registry.npmjs.org/split-string 419ms (cache miss)
359 silly packumentCache full:https://registry.npmjs.org/split-string set size:undefined disposed:false
360 silly fetch manifest micromatch@^3.1.10
361 silly packumentCache full:https://registry.npmjs.org/micromatch cache-miss
362 http fetch GET 200 https://registry.npmjs.org/snapdragon-node 399ms (cache miss)
363 silly packumentCache full:https://registry.npmjs.org/snapdragon-node set size:undefined disposed:false
364 silly fetch manifest graceful-fs@^4.1.11
365 silly packumentCache full:https://registry.npmjs.org/graceful-fs cache-miss
366 http cache https://registry.npmjs.org/micromatch 69ms (cache hit)
367 silly packumentCache full:https://registry.npmjs.org/micromatch set size:240630 disposed:false
368 silly fetch manifest readable-stream@^2.0.2
369 silly packumentCache full:https://registry.npmjs.org/readable-stream cache-miss
370 http fetch GET 200 https://registry.npmjs.org/bindings 323ms (cache miss)
371 silly packumentCache full:https://registry.npmjs.org/bindings set size:undefined disposed:false
372 http fetch GET 200 https://registry.npmjs.org/nan 465ms (cache miss)
373 silly packumentCache full:https://registry.npmjs.org/nan set size:undefined disposed:false
374 http fetch GET 200 https://registry.npmjs.org/path-dirname 263ms (cache miss)
375 silly packumentCache full:https://registry.npmjs.org/path-dirname set size:undefined disposed:false
376 http fetch GET 200 https://registry.npmjs.org/is-extglob 244ms (cache miss)
377 silly packumentCache full:https://registry.npmjs.org/is-extglob set size:undefined disposed:false
378 http fetch GET 200 https://registry.npmjs.org/binary-extensions 327ms (cache miss)
379 silly packumentCache full:https://registry.npmjs.org/binary-extensions set size:undefined disposed:false
380 http fetch GET 200 https://registry.npmjs.org/graceful-fs 274ms (cache miss)
381 silly packumentCache full:https://registry.npmjs.org/graceful-fs set size:undefined disposed:false
382 http fetch GET 200 https://registry.npmjs.org/readable-stream 303ms (cache miss)
383 silly packumentCache full:https://registry.npmjs.org/readable-stream set size:undefined disposed:false
384 silly placeDep node_modules/live-server micromatch@3.1.10 OK for: anymatch@2.0.0 want: ^3.1.4
385 silly placeDep node_modules/live-server/node_modules/anymatch normalize-path@2.1.1 OK for: anymatch@2.0.0 want: ^2.1.1
386 silly fetch manifest extglob@^2.0.4
387 silly packumentCache full:https://registry.npmjs.org/extglob cache-miss
388 silly fetch manifest kind-of@^6.0.2
389 silly packumentCache full:https://registry.npmjs.org/kind-of cache-miss
390 silly fetch manifest arr-diff@^4.0.0
391 silly packumentCache full:https://registry.npmjs.org/arr-diff cache-miss
392 silly fetch manifest to-regex@^3.0.2
393 silly packumentCache full:https://registry.npmjs.org/to-regex cache-miss
394 silly fetch manifest nanomatch@^1.2.9
395 silly packumentCache full:https://registry.npmjs.org/nanomatch cache-miss
396 silly fetch manifest regex-not@^1.0.0
397 silly packumentCache full:https://registry.npmjs.org/regex-not cache-miss
398 silly fetch manifest object.pick@^1.3.0
399 silly packumentCache full:https://registry.npmjs.org/object.pick cache-miss
400 http cache https://registry.npmjs.org/to-regex 71ms (cache hit)
401 silly packumentCache full:https://registry.npmjs.org/to-regex set size:23376 disposed:false
402 silly fetch manifest extend-shallow@^3.0.2
403 silly packumentCache full:https://registry.npmjs.org/extend-shallow cache-miss
404 http cache https://registry.npmjs.org/extend-shallow 21ms (cache hit)
405 silly packumentCache full:https://registry.npmjs.org/extend-shallow set size:30182 disposed:false
406 silly fetch manifest fragment-cache@^0.2.1
407 silly packumentCache full:https://registry.npmjs.org/fragment-cache cache-miss
408 http fetch GET 200 https://registry.npmjs.org/object.pick 307ms (cache miss)
409 silly packumentCache full:https://registry.npmjs.org/object.pick set size:undefined disposed:false
410 silly fetch manifest define-property@^2.0.2
411 silly packumentCache full:https://registry.npmjs.org/define-property cache-miss
412 http fetch GET 200 https://registry.npmjs.org/kind-of 341ms (cache miss)
413 silly packumentCache full:https://registry.npmjs.org/kind-of set size:undefined disposed:false
414 silly fetch manifest remove-trailing-separator@^1.0.1
415 silly packumentCache full:https://registry.npmjs.org/remove-trailing-separator cache-miss
416 http fetch GET 200 https://registry.npmjs.org/arr-diff 367ms (cache miss)
417 silly packumentCache full:https://registry.npmjs.org/arr-diff set size:undefined disposed:false
418 http fetch GET 200 https://registry.npmjs.org/extglob 381ms (cache miss)
419 silly packumentCache full:https://registry.npmjs.org/extglob set size:undefined disposed:false
420 http fetch GET 200 https://registry.npmjs.org/regex-not 381ms (cache miss)
421 silly packumentCache full:https://registry.npmjs.org/regex-not set size:undefined disposed:false
422 http fetch GET 200 https://registry.npmjs.org/nanomatch 401ms (cache miss)
423 silly packumentCache full:https://registry.npmjs.org/nanomatch set size:undefined disposed:false
424 http fetch GET 200 https://registry.npmjs.org/fragment-cache 329ms (cache miss)
425 silly packumentCache full:https://registry.npmjs.org/fragment-cache set size:undefined disposed:false
426 http fetch GET 200 https://registry.npmjs.org/define-property 272ms (cache miss)
427 silly packumentCache full:https://registry.npmjs.org/define-property set size:undefined disposed:false
428 http fetch GET 200 https://registry.npmjs.org/remove-trailing-separator 269ms (cache miss)
429 silly packumentCache full:https://registry.npmjs.org/remove-trailing-separator set size:undefined disposed:false
430 silly placeDep node_modules/live-server arr-flatten@1.1.0 OK for: braces@2.3.2 want: ^1.1.0
431 silly placeDep node_modules/live-server array-unique@0.3.2 OK for: braces@2.3.2 want: ^0.3.2
432 silly placeDep node_modules/live-server extend-shallow@2.0.1 OK for: braces@2.3.2 want: ^2.0.1
433 silly placeDep node_modules/live-server fill-range@4.0.0 OK for: braces@2.3.2 want: ^4.0.0
434 silly placeDep node_modules/live-server isobject@3.0.1 OK for: braces@2.3.2 want: ^3.0.1
435 silly placeDep node_modules/live-server repeat-element@1.1.4 OK for: braces@2.3.2 want: ^1.1.2
436 silly placeDep node_modules/live-server snapdragon@0.8.2 OK for: braces@2.3.2 want: ^0.8.1
437 silly placeDep node_modules/live-server snapdragon-node@2.1.1 OK for: braces@2.3.2 want: ^2.0.1
438 silly placeDep node_modules/live-server split-string@3.1.0 OK for: braces@2.3.2 want: ^3.0.2
439 silly placeDep node_modules/live-server to-regex@3.0.2 OK for: braces@2.3.2 want: ^3.0.1
440 silly fetch manifest is-extendable@^0.1.0
441 silly packumentCache full:https://registry.npmjs.org/is-extendable cache-miss
442 silly fetch manifest is-number@^3.0.0
443 silly packumentCache full:https://registry.npmjs.org/is-number cache-miss
444 silly fetch manifest repeat-string@^1.6.1
445 silly packumentCache full:https://registry.npmjs.org/repeat-string cache-miss
446 silly fetch manifest to-regex-range@^2.1.0
447 silly packumentCache full:https://registry.npmjs.org/to-regex-range cache-miss
448 silly fetch manifest base@^0.11.1
449 silly packumentCache full:https://registry.npmjs.org/base cache-miss
450 silly fetch manifest debug@^2.2.0
451 silly packumentCache full:https://registry.npmjs.org/debug cache-hit
452 silly fetch manifest define-property@^0.2.5
453 silly packumentCache full:https://registry.npmjs.org/define-property cache-miss
454 silly fetch manifest map-cache@^0.2.2
455 silly packumentCache full:https://registry.npmjs.org/map-cache cache-miss
456 http cache https://registry.npmjs.org/define-property 62ms (cache hit)
457 silly packumentCache full:https://registry.npmjs.org/define-property set size:27005 disposed:false
458 silly fetch manifest source-map@^0.5.6
459 silly packumentCache full:https://registry.npmjs.org/source-map cache-miss
460 http fetch GET 200 https://registry.npmjs.org/repeat-string 344ms (cache miss)
461 silly packumentCache full:https://registry.npmjs.org/repeat-string set size:undefined disposed:false
462 silly fetch manifest source-map-resolve@^0.5.0
463 silly packumentCache full:https://registry.npmjs.org/source-map-resolve cache-miss
464 http fetch GET 200 https://registry.npmjs.org/is-number 361ms (cache miss)
465 silly packumentCache full:https://registry.npmjs.org/is-number set size:undefined disposed:false
466 silly fetch manifest use@^3.1.0
467 silly packumentCache full:https://registry.npmjs.org/use cache-miss
468 http fetch GET 200 https://registry.npmjs.org/map-cache 354ms (cache miss)
469 silly packumentCache full:https://registry.npmjs.org/map-cache set size:undefined disposed:false
470 silly fetch manifest define-property@^1.0.0
471 silly packumentCache full:https://registry.npmjs.org/define-property cache-hit
472 silly fetch manifest snapdragon-util@^3.0.1
473 silly packumentCache full:https://registry.npmjs.org/snapdragon-util cache-miss
474 http fetch GET 200 https://registry.npmjs.org/to-regex-range 398ms (cache miss)
475 silly packumentCache full:https://registry.npmjs.org/to-regex-range set size:undefined disposed:false
476 silly fetch manifest extend-shallow@^3.0.0
477 silly packumentCache full:https://registry.npmjs.org/extend-shallow cache-hit
478 silly fetch manifest regex-not@^1.0.2
479 silly packumentCache full:https://registry.npmjs.org/regex-not cache-miss
480 http fetch GET 200 https://registry.npmjs.org/base 426ms (cache miss)
481 silly packumentCache full:https://registry.npmjs.org/base set size:undefined disposed:false
482 silly fetch manifest safe-regex@^1.1.0
483 silly packumentCache full:https://registry.npmjs.org/safe-regex cache-miss
484 http fetch GET 200 https://registry.npmjs.org/source-map 387ms (cache miss)
485 silly packumentCache full:https://registry.npmjs.org/source-map set size:undefined disposed:false
486 http cache https://registry.npmjs.org/regex-not 81ms (cache hit)
487 silly packumentCache full:https://registry.npmjs.org/regex-not set size:16637 disposed:false
488 http fetch GET 200 https://registry.npmjs.org/is-extendable 511ms (cache miss)
489 silly packumentCache full:https://registry.npmjs.org/is-extendable set size:undefined disposed:false
490 http fetch GET 200 https://registry.npmjs.org/source-map-resolve 278ms (cache miss)
491 silly packumentCache full:https://registry.npmjs.org/source-map-resolve set size:undefined disposed:false
492 http fetch GET 200 https://registry.npmjs.org/use 318ms (cache miss)
493 silly packumentCache full:https://registry.npmjs.org/use set size:undefined disposed:false
494 http fetch GET 200 https://registry.npmjs.org/snapdragon-util 352ms (cache miss)
495 silly packumentCache full:https://registry.npmjs.org/snapdragon-util set size:undefined disposed:false
496 http fetch GET 200 https://registry.npmjs.org/safe-regex 310ms (cache miss)
497 silly packumentCache full:https://registry.npmjs.org/safe-regex set size:undefined disposed:false
498 silly placeDep node_modules/live-server debug@2.6.9 OK for: connect@3.7.0 want: 2.6.9
499 silly placeDep node_modules/live-server finalhandler@1.1.2 OK for: connect@3.7.0 want: 1.1.2
500 silly placeDep node_modules/live-server parseurl@1.3.3 OK for: connect@3.7.0 want: ~1.3.3
501 silly placeDep node_modules/live-server utils-merge@1.0.1 OK for: connect@3.7.0 want: 1.0.1
502 silly fetch manifest ms@2.0.0
503 silly packumentCache full:https://registry.npmjs.org/ms cache-miss
504 silly fetch manifest unpipe@~1.0.0
505 silly packumentCache full:https://registry.npmjs.org/unpipe cache-miss
506 silly fetch manifest statuses@~1.5.0
507 silly packumentCache full:https://registry.npmjs.org/statuses cache-miss
508 silly fetch manifest encodeurl@~1.0.2
509 silly packumentCache full:https://registry.npmjs.org/encodeurl cache-miss
510 silly fetch manifest on-finished@~2.3.0
511 silly packumentCache full:https://registry.npmjs.org/on-finished cache-hit
512 http cache https://registry.npmjs.org/statuses 46ms (cache hit)
513 silly packumentCache full:https://registry.npmjs.org/statuses set size:37117 disposed:false
514 http cache https://registry.npmjs.org/encodeurl 49ms (cache hit)
515 silly packumentCache full:https://registry.npmjs.org/encodeurl set size:12296 disposed:false
516 http cache https://registry.npmjs.org/ms 67ms (cache hit)
517 silly packumentCache full:https://registry.npmjs.org/ms set size:92208 disposed:false
518 http fetch GET 200 https://registry.npmjs.org/unpipe 296ms (cache miss)
519 silly packumentCache full:https://registry.npmjs.org/unpipe set size:undefined disposed:false
520 silly placeDep node_modules/live-server vary@1.1.2 OK for: cors@2.8.6 want: ^1
521 silly placeDep node_modules/live-server ms@2.0.0 OK for: debug@2.6.9 want: 2.0.0
522 silly placeDep node_modules/live-server duplexer@0.1.2 OK for: event-stream@3.3.4 want: ~0.1.1
523 silly placeDep node_modules/live-server from@0.1.7 OK for: event-stream@3.3.4 want: ~0
524 silly placeDep node_modules/live-server map-stream@0.1.0 OK for: event-stream@3.3.4 want: ~0.1.0
525 silly placeDep node_modules/live-server pause-stream@0.0.11 OK for: event-stream@3.3.4 want: 0.0.11
526 silly placeDep node_modules/live-server split@0.3.3 OK for: event-stream@3.3.4 want: 0.3
527 silly placeDep node_modules/live-server stream-combiner@0.0.4 OK for: event-stream@3.3.4 want: ~0.0.4
528 silly placeDep node_modules/live-server through@2.3.8 OK for: event-stream@3.3.4 want: ~2.3.1
529 silly fetch manifest through@~2.3
530 silly packumentCache full:https://registry.npmjs.org/through cache-miss
531 silly fetch manifest through@2
532 silly packumentCache full:https://registry.npmjs.org/through cache-miss
533 http cache https://registry.npmjs.org/through 27ms (cache hit)
534 silly packumentCache full:https://registry.npmjs.org/through set size:38387 disposed:false
535 http cache https://registry.npmjs.org/through 34ms (cache hit)
536 silly packumentCache full:https://registry.npmjs.org/through set size:38387 disposed:false
537 silly packumentCache full:https://registry.npmjs.org/through dispose
538 silly placeDep node_modules/live-server is-extendable@0.1.1 OK for: extend-shallow@2.0.1 want: ^0.1.0
539 silly placeDep node_modules/live-server websocket-driver@0.7.5 OK for: faye-websocket@0.11.4 want: >=0.5.1
540 silly fetch manifest http-parser-js@>=0.5.1
541 silly packumentCache full:https://registry.npmjs.org/http-parser-js cache-miss
542 silly fetch manifest safe-buffer@>=5.1.0
543 silly packumentCache full:https://registry.npmjs.org/safe-buffer cache-miss
544 silly fetch manifest websocket-extensions@>=0.1.1
545 silly packumentCache full:https://registry.npmjs.org/websocket-extensions cache-miss
546 http fetch GET 200 https://registry.npmjs.org/safe-buffer 260ms (cache miss)
547 silly packumentCache full:https://registry.npmjs.org/safe-buffer set size:undefined disposed:false
548 http fetch GET 200 https://registry.npmjs.org/websocket-extensions 267ms (cache miss)
549 silly packumentCache full:https://registry.npmjs.org/websocket-extensions set size:undefined disposed:false
550 http fetch GET 200 https://registry.npmjs.org/http-parser-js 288ms (cache miss)
551 silly packumentCache full:https://registry.npmjs.org/http-parser-js set size:undefined disposed:false
552 silly placeDep node_modules/live-server is-number@3.0.0 OK for: fill-range@4.0.0 want: ^3.0.0
553 silly placeDep node_modules/live-server repeat-string@1.6.1 OK for: fill-range@4.0.0 want: ^1.6.1
554 silly placeDep node_modules/live-server to-regex-range@2.1.1 OK for: fill-range@4.0.0 want: ^2.1.0
555 silly fetch manifest kind-of@^3.0.2
556 silly packumentCache full:https://registry.npmjs.org/kind-of cache-miss
557 http cache https://registry.npmjs.org/kind-of 22ms (cache hit)
558 silly packumentCache full:https://registry.npmjs.org/kind-of set size:70901 disposed:false
559 silly placeDep node_modules/live-server encodeurl@1.0.2 OK for: finalhandler@1.1.2 want: ~1.0.2
560 silly placeDep node_modules/live-server escape-html@1.0.3 OK for: finalhandler@1.1.2 want: ~1.0.3
561 silly placeDep node_modules/live-server on-finished@2.3.0 OK for: finalhandler@1.1.2 want: ~2.3.0
562 silly placeDep node_modules/live-server statuses@1.5.0 OK for: finalhandler@1.1.2 want: ~1.5.0
563 silly placeDep node_modules/live-server unpipe@1.0.0 OK for: finalhandler@1.1.2 want: ~1.0.0
564 silly fetch manifest ee-first@1.1.1
565 silly packumentCache full:https://registry.npmjs.org/ee-first cache-miss
566 http fetch GET 200 https://registry.npmjs.org/ee-first 206ms (cache miss)
567 silly packumentCache full:https://registry.npmjs.org/ee-first set size:undefined disposed:false
568 silly placeDep node_modules/live-server bindings@1.5.0 OK for: fsevents@1.2.13 want: ^1.5.0
569 silly placeDep node_modules/live-server nan@2.28.0 OK for: fsevents@1.2.13 want: ^2.12.1
570 silly fetch manifest file-uri-to-path@1.0.0
571 silly packumentCache full:https://registry.npmjs.org/file-uri-to-path cache-miss
572 http fetch GET 200 https://registry.npmjs.org/file-uri-to-path 225ms (cache miss)
573 silly packumentCache full:https://registry.npmjs.org/file-uri-to-path set size:undefined disposed:false
574 silly placeDep node_modules/live-server file-uri-to-path@1.0.0 OK for: bindings@1.5.0 want: 1.0.0
575 silly placeDep node_modules/live-server/node_modules/glob-parent is-glob@3.1.0 OK for: glob-parent@3.1.0 want: ^3.1.0
576 silly placeDep node_modules/live-server path-dirname@1.0.2 OK for: glob-parent@3.1.0 want: ^1.0.0
577 silly fetch manifest is-extglob@^2.1.0
578 silly packumentCache full:https://registry.npmjs.org/is-extglob cache-miss
579 http cache https://registry.npmjs.org/is-extglob 21ms (cache hit)
580 silly packumentCache full:https://registry.npmjs.org/is-extglob set size:11766 disposed:false
581 silly placeDep node_modules/live-server apache-crypt@1.2.6 OK for: http-auth@3.1.3 want: ^1.1.2
582 silly placeDep node_modules/live-server apache-md5@1.1.8 OK for: http-auth@3.1.3 want: ^1.0.6
583 silly placeDep node_modules/live-server bcryptjs@2.4.3 OK for: http-auth@3.1.3 want: ^2.3.0
584 silly placeDep node_modules/live-server uuid@3.4.0 OK for: http-auth@3.1.3 want: ^3.0.0
585 silly fetch manifest unix-crypt-td-js@^1.1.4
586 silly packumentCache full:https://registry.npmjs.org/unix-crypt-td-js cache-miss
587 http fetch GET 200 https://registry.npmjs.org/unix-crypt-td-js 395ms (cache miss)
588 silly packumentCache full:https://registry.npmjs.org/unix-crypt-td-js set size:undefined disposed:false
589 silly placeDep node_modules/live-server unix-crypt-td-js@1.1.4 OK for: apache-crypt@1.2.6 want: ^1.1.4
590 silly placeDep node_modules/live-server binary-extensions@1.13.1 OK for: is-binary-path@1.0.1 want: ^1.0.0
591 silly placeDep node_modules/live-server is-extglob@2.1.1 OK for: is-glob@4.0.3 want: ^2.1.1
592 silly placeDep node_modules/live-server kind-of@3.2.2 OK for: is-number@3.0.0 want: ^3.0.2
593 silly fetch manifest is-buffer@^1.1.5
594 silly packumentCache full:https://registry.npmjs.org/is-buffer cache-miss
595 http fetch GET 200 https://registry.npmjs.org/is-buffer 290ms (cache miss)
596 silly packumentCache full:https://registry.npmjs.org/is-buffer set size:undefined disposed:false
597 silly placeDep node_modules/live-server is-buffer@1.1.6 OK for: kind-of@3.2.2 want: ^1.1.5
598 silly placeDep node_modules/live-server arr-diff@4.0.0 OK for: micromatch@3.1.10 want: ^4.0.0
599 silly placeDep node_modules/live-server define-property@2.0.2 OK for: micromatch@3.1.10 want: ^2.0.2
600 silly placeDep node_modules/live-server/node_modules/micromatch extend-shallow@3.0.2 OK for: micromatch@3.1.10 want: ^3.0.2
601 silly placeDep node_modules/live-server extglob@2.0.4 OK for: micromatch@3.1.10 want: ^2.0.4
602 silly placeDep node_modules/live-server fragment-cache@0.2.1 OK for: micromatch@3.1.10 want: ^0.2.1
603 silly placeDep node_modules/live-server/node_modules/micromatch kind-of@6.0.3 OK for: micromatch@3.1.10 want: ^6.0.2
604 silly placeDep node_modules/live-server nanomatch@1.2.13 OK for: micromatch@3.1.10 want: ^1.2.9
605 silly placeDep node_modules/live-server object.pick@1.3.0 OK for: micromatch@3.1.10 want: ^1.3.0
606 silly placeDep node_modules/live-server regex-not@1.0.2 OK for: micromatch@3.1.10 want: ^1.0.0
607 silly fetch manifest is-descriptor@^1.0.2
608 silly packumentCache full:https://registry.npmjs.org/is-descriptor cache-miss
609 silly fetch manifest assign-symbols@^1.0.0
610 silly packumentCache full:https://registry.npmjs.org/assign-symbols cache-miss
611 silly fetch manifest is-extendable@^1.0.1
612 silly packumentCache full:https://registry.npmjs.org/is-extendable cache-miss
613 silly fetch manifest expand-brackets@^2.1.4
614 silly packumentCache full:https://registry.npmjs.org/expand-brackets cache-miss
615 silly fetch manifest is-windows@^1.0.2
616 silly packumentCache full:https://registry.npmjs.org/is-windows cache-miss
617 http cache https://registry.npmjs.org/is-extendable 59ms (cache hit)
618 silly packumentCache full:https://registry.npmjs.org/is-extendable set size:12265 disposed:false
619 http fetch GET 200 https://registry.npmjs.org/assign-symbols 310ms (cache miss)
620 silly packumentCache full:https://registry.npmjs.org/assign-symbols set size:undefined disposed:false
621 http fetch GET 200 https://registry.npmjs.org/is-windows 301ms (cache miss)
622 silly packumentCache full:https://registry.npmjs.org/is-windows set size:undefined disposed:false
623 http fetch GET 200 https://registry.npmjs.org/expand-brackets 320ms (cache miss)
624 silly packumentCache full:https://registry.npmjs.org/expand-brackets set size:undefined disposed:false
625 http fetch GET 200 https://registry.npmjs.org/is-descriptor 339ms (cache miss)
626 silly packumentCache full:https://registry.npmjs.org/is-descriptor set size:undefined disposed:false
627 silly placeDep node_modules/live-server is-descriptor@1.0.4 OK for: define-property@2.0.2 want: ^1.0.2
628 silly fetch manifest is-data-descriptor@^1.0.1
629 silly packumentCache full:https://registry.npmjs.org/is-data-descriptor cache-miss
630 silly fetch manifest is-accessor-descriptor@^1.0.2
631 silly packumentCache full:https://registry.npmjs.org/is-accessor-descriptor cache-miss
632 http fetch GET 200 https://registry.npmjs.org/is-data-descriptor 270ms (cache miss)
633 silly packumentCache full:https://registry.npmjs.org/is-data-descriptor set size:undefined disposed:false
634 http fetch GET 200 https://registry.npmjs.org/is-accessor-descriptor 280ms (cache miss)
635 silly packumentCache full:https://registry.npmjs.org/is-accessor-descriptor set size:undefined disposed:false
636 silly placeDep node_modules/live-server/node_modules/extglob define-property@1.0.0 OK for: extglob@2.0.4 want: ^1.0.0
637 silly placeDep node_modules/live-server expand-brackets@2.1.4 OK for: extglob@2.0.4 want: ^2.1.4
638 silly fetch manifest posix-character-classes@^0.1.0
639 silly packumentCache full:https://registry.npmjs.org/posix-character-classes cache-miss
640 http fetch GET 200 https://registry.npmjs.org/posix-character-classes 235ms (cache miss)
641 silly packumentCache full:https://registry.npmjs.org/posix-character-classes set size:undefined disposed:false
642 silly placeDep node_modules/live-server/node_modules/expand-brackets define-property@0.2.5 OK for: expand-brackets@2.1.4 want: ^0.2.5
643 silly placeDep node_modules/live-server posix-character-classes@0.1.1 OK for: expand-brackets@2.1.4 want: ^0.1.0
644 silly fetch manifest is-descriptor@^0.1.0
645 silly packumentCache full:https://registry.npmjs.org/is-descriptor cache-miss
646 http cache https://registry.npmjs.org/is-descriptor 37ms (cache hit)
647 silly packumentCache full:https://registry.npmjs.org/is-descriptor set size:53183 disposed:false
648 silly placeDep node_modules/live-server map-cache@0.2.2 OK for: fragment-cache@0.2.1 want: ^0.2.2
649 silly placeDep node_modules/live-server is-accessor-descriptor@1.0.2 OK for: is-descriptor@1.0.4 want: ^1.0.2
650 silly placeDep node_modules/live-server is-data-descriptor@1.0.1 OK for: is-descriptor@1.0.4 want: ^1.0.1
651 silly fetch manifest hasown@^2.0.3
652 silly packumentCache full:https://registry.npmjs.org/hasown cache-miss
653 silly fetch manifest hasown@^2.0.0
654 silly packumentCache full:https://registry.npmjs.org/hasown cache-miss
655 http fetch GET 200 https://registry.npmjs.org/hasown 243ms (cache miss)
656 silly packumentCache full:https://registry.npmjs.org/hasown set size:undefined disposed:false
657 http fetch GET 200 https://registry.npmjs.org/hasown 261ms (cache miss)
658 silly packumentCache full:https://registry.npmjs.org/hasown set size:undefined disposed:false
659 silly placeDep node_modules/live-server hasown@2.0.4 OK for: is-accessor-descriptor@1.0.2 want: ^2.0.3
660 silly fetch manifest function-bind@^1.1.2
661 silly packumentCache full:https://registry.npmjs.org/function-bind cache-miss
662 http fetch GET 200 https://registry.npmjs.org/function-bind 255ms (cache miss)
663 silly packumentCache full:https://registry.npmjs.org/function-bind set size:undefined disposed:false
664 silly placeDep node_modules/live-server function-bind@1.1.2 OK for: hasown@2.0.4 want: ^1.1.2
665 silly placeDep node_modules/live-server basic-auth@2.0.1 OK for: morgan@1.11.0 want: ~2.0.1
666 silly placeDep node_modules/live-server depd@2.0.0 OK for: morgan@1.11.0 want: ~2.0.0
667 silly placeDep node_modules/live-server/node_modules/morgan on-finished@2.4.1 OK for: morgan@1.11.0 want: ~2.4.1
668 silly placeDep node_modules/live-server on-headers@1.1.0 OK for: morgan@1.11.0 want: ~1.1.0
669 silly fetch manifest safe-buffer@5.1.2
670 silly packumentCache full:https://registry.npmjs.org/safe-buffer cache-miss
671 http cache https://registry.npmjs.org/safe-buffer 23ms (cache hit)
672 silly packumentCache full:https://registry.npmjs.org/safe-buffer set size:41183 disposed:false
673 silly placeDep node_modules/live-server safe-buffer@5.1.2 OK for: basic-auth@2.0.1 want: 5.1.2
674 silly placeDep node_modules/live-server/node_modules/nanomatch extend-shallow@3.0.2 OK for: nanomatch@1.2.13 want: ^3.0.2
675 silly placeDep node_modules/live-server is-windows@1.0.2 OK for: nanomatch@1.2.13 want: ^1.0.2
676 silly placeDep node_modules/live-server/node_modules/nanomatch kind-of@6.0.3 OK for: nanomatch@1.2.13 want: ^6.0.2
677 silly placeDep node_modules/live-server ee-first@1.1.1 OK for: on-finished@2.3.0 want: 1.1.1
678 silly placeDep node_modules/live-server is-wsl@1.1.0 OK for: opn@6.0.0 want: ^1.1.0
679 silly placeDep node_modules/live-server graceful-fs@4.2.11 OK for: readdirp@2.2.1 want: ^4.1.11
680 silly placeDep node_modules/live-server readable-stream@2.3.8 OK for: readdirp@2.2.1 want: ^2.0.2
681 silly fetch manifest isarray@~1.0.0
682 silly packumentCache full:https://registry.npmjs.org/isarray cache-miss
683 silly fetch manifest core-util-is@~1.0.0
684 silly packumentCache full:https://registry.npmjs.org/core-util-is cache-miss
685 silly fetch manifest string_decoder@~1.1.1
686 silly packumentCache full:https://registry.npmjs.org/string_decoder cache-miss
687 silly fetch manifest util-deprecate@~1.0.1
688 silly packumentCache full:https://registry.npmjs.org/util-deprecate cache-miss
689 silly fetch manifest process-nextick-args@~2.0.0
690 silly packumentCache full:https://registry.npmjs.org/process-nextick-args cache-miss
691 http fetch GET 200 https://registry.npmjs.org/util-deprecate 305ms (cache miss)
692 silly packumentCache full:https://registry.npmjs.org/util-deprecate set size:undefined disposed:false
693 http fetch GET 200 https://registry.npmjs.org/string_decoder 315ms (cache miss)
694 silly packumentCache full:https://registry.npmjs.org/string_decoder set size:undefined disposed:false
695 http fetch GET 200 https://registry.npmjs.org/isarray 328ms (cache miss)
696 silly packumentCache full:https://registry.npmjs.org/isarray set size:undefined disposed:false
697 http fetch GET 200 https://registry.npmjs.org/process-nextick-args 322ms (cache miss)
698 silly packumentCache full:https://registry.npmjs.org/process-nextick-args set size:undefined disposed:false
699 http fetch GET 200 https://registry.npmjs.org/core-util-is 338ms (cache miss)
700 silly packumentCache full:https://registry.npmjs.org/core-util-is set size:undefined disposed:false
701 silly placeDep node_modules/live-server core-util-is@1.0.3 OK for: readable-stream@2.3.8 want: ~1.0.0
702 silly placeDep node_modules/live-server isarray@1.0.0 OK for: readable-stream@2.3.8 want: ~1.0.0
703 silly placeDep node_modules/live-server process-nextick-args@2.0.1 OK for: readable-stream@2.3.8 want: ~2.0.0
704 silly placeDep node_modules/live-server string_decoder@1.1.1 OK for: readable-stream@2.3.8 want: ~1.1.1
705 silly placeDep node_modules/live-server util-deprecate@1.0.2 OK for: readable-stream@2.3.8 want: ~1.0.1
706 silly placeDep node_modules/live-server/node_modules/regex-not extend-shallow@3.0.2 OK for: regex-not@1.0.2 want: ^3.0.2
707 silly placeDep node_modules/live-server safe-regex@1.1.0 OK for: regex-not@1.0.2 want: ^1.1.0
708 silly fetch manifest ret@~0.1.10
709 silly packumentCache full:https://registry.npmjs.org/ret cache-miss
710 http fetch GET 200 https://registry.npmjs.org/ret 284ms (cache miss)
711 silly packumentCache full:https://registry.npmjs.org/ret set size:undefined disposed:false
712 silly placeDep node_modules/live-server ret@0.1.15 OK for: safe-regex@1.1.0 want: ~0.1.10
713 silly placeDep node_modules/live-server/node_modules/send debug@4.4.3 OK for: send@1.2.1 want: ^4.4.3
714 silly placeDep node_modules/live-server/node_modules/send encodeurl@2.0.0 OK for: send@1.2.1 want: ^2.0.0
715 silly placeDep node_modules/live-server etag@1.8.1 OK for: send@1.2.1 want: ^1.8.1
716 silly placeDep node_modules/live-server fresh@2.0.0 OK for: send@1.2.1 want: ^2.0.0
717 silly placeDep node_modules/live-server http-errors@2.0.1 OK for: send@1.2.1 want: ^2.0.1
718 silly placeDep node_modules/live-server mime-types@3.0.2 OK for: send@1.2.1 want: ^3.0.2
719 silly placeDep node_modules/live-server/node_modules/send ms@2.1.3 OK for: send@1.2.1 want: ^2.1.3
720 silly placeDep node_modules/live-server/node_modules/send on-finished@2.4.1 OK for: send@1.2.1 want: ^2.4.1
721 silly placeDep node_modules/live-server range-parser@1.3.0 OK for: send@1.2.1 want: ^1.2.1
722 silly placeDep node_modules/live-server/node_modules/send statuses@2.0.2 OK for: send@1.2.1 want: ^2.0.2
723 silly fetch manifest setprototypeof@~1.2.0
724 silly packumentCache full:https://registry.npmjs.org/setprototypeof cache-miss
725 silly fetch manifest statuses@~2.0.2
726 silly packumentCache full:https://registry.npmjs.org/statuses cache-hit
727 silly fetch manifest toidentifier@~1.0.1
728 silly packumentCache full:https://registry.npmjs.org/toidentifier cache-miss
729 silly fetch manifest mime-db@^1.54.0
730 silly packumentCache full:https://registry.npmjs.org/mime-db cache-miss
731 http fetch GET 200 https://registry.npmjs.org/toidentifier 339ms (cache miss)
732 silly packumentCache full:https://registry.npmjs.org/toidentifier set size:undefined disposed:false
733 http fetch GET 200 https://registry.npmjs.org/setprototypeof 360ms (cache miss)
734 silly packumentCache full:https://registry.npmjs.org/setprototypeof set size:undefined disposed:false
735 http fetch GET 200 https://registry.npmjs.org/mime-db 375ms (cache miss)
736 silly packumentCache full:https://registry.npmjs.org/mime-db set size:undefined disposed:false
737 silly placeDep node_modules/live-server setprototypeof@1.2.0 OK for: http-errors@2.0.1 want: ~1.2.0
738 silly placeDep node_modules/live-server/node_modules/http-errors statuses@2.0.2 OK for: http-errors@2.0.1 want: ~2.0.2
739 silly placeDep node_modules/live-server toidentifier@1.0.1 OK for: http-errors@2.0.1 want: ~1.0.1
740 silly placeDep node_modules/live-server mime-db@1.54.0 OK for: mime-types@3.0.2 want: ^1.54.0
741 silly placeDep node_modules/live-server accepts@1.3.8 OK for: serve-index@1.9.2 want: ~1.3.8
742 silly placeDep node_modules/live-server batch@0.6.1 OK for: serve-index@1.9.2 want: 0.6.1
743 silly placeDep node_modules/live-server/node_modules/serve-index http-errors@1.8.1 OK for: serve-index@1.9.2 want: ~1.8.0
744 silly placeDep node_modules/live-server/node_modules/serve-index mime-types@2.1.35 OK for: serve-index@1.9.2 want: ~2.1.35
745 silly fetch manifest mime-types@~2.1.34
746 silly packumentCache full:https://registry.npmjs.org/mime-types cache-hit
747 silly fetch manifest negotiator@0.6.3
748 silly packumentCache full:https://registry.npmjs.org/negotiator cache-miss
749 silly fetch manifest depd@~1.1.2
750 silly packumentCache full:https://registry.npmjs.org/depd cache-miss
751 silly fetch manifest mime-db@1.52.0
752 silly packumentCache full:https://registry.npmjs.org/mime-db cache-miss
753 http cache https://registry.npmjs.org/depd 37ms (cache hit)
754 silly packumentCache full:https://registry.npmjs.org/depd set size:40182 disposed:false
755 http cache https://registry.npmjs.org/mime-db 46ms (cache hit)
756 silly packumentCache full:https://registry.npmjs.org/mime-db set size:164953 disposed:false
757 http fetch GET 200 https://registry.npmjs.org/negotiator 231ms (cache miss)
758 silly packumentCache full:https://registry.npmjs.org/negotiator set size:undefined disposed:false
759 silly placeDep node_modules/live-server/node_modules/accepts mime-types@2.1.35 OK for: accepts@1.3.8 want: ~2.1.34
760 silly placeDep node_modules/live-server negotiator@0.6.3 OK for: accepts@1.3.8 want: 0.6.3
761 silly placeDep node_modules/live-server base@0.11.2 OK for: snapdragon@0.8.2 want: ^0.11.1
762 silly placeDep node_modules/live-server/node_modules/snapdragon define-property@0.2.5 OK for: snapdragon@0.8.2 want: ^0.2.5
763 silly placeDep node_modules/live-server source-map@0.5.7 OK for: snapdragon@0.8.2 want: ^0.5.6
764 silly placeDep node_modules/live-server source-map-resolve@0.5.3 OK for: snapdragon@0.8.2 want: ^0.5.0
765 silly placeDep node_modules/live-server use@3.1.1 OK for: snapdragon@0.8.2 want: ^3.1.0
766 silly fetch manifest cache-base@^1.0.1
767 silly packumentCache full:https://registry.npmjs.org/cache-base cache-miss
768 silly fetch manifest class-utils@^0.3.5
769 silly packumentCache full:https://registry.npmjs.org/class-utils cache-miss
770 silly fetch manifest component-emitter@^1.2.1
771 silly packumentCache full:https://registry.npmjs.org/component-emitter cache-miss
772 silly fetch manifest mixin-deep@^1.2.0
773 silly packumentCache full:https://registry.npmjs.org/mixin-deep cache-miss
774 silly fetch manifest pascalcase@^0.1.1
775 silly packumentCache full:https://registry.npmjs.org/pascalcase cache-miss
776 silly fetch manifest atob@^2.1.2
777 silly packumentCache full:https://registry.npmjs.org/atob cache-miss
778 silly fetch manifest decode-uri-component@^0.2.0
779 silly packumentCache full:https://registry.npmjs.org/decode-uri-component cache-miss
780 http fetch GET 200 https://registry.npmjs.org/pascalcase 321ms (cache miss)
781 silly packumentCache full:https://registry.npmjs.org/pascalcase set size:undefined disposed:false
782 silly fetch manifest resolve-url@^0.2.1
783 silly packumentCache full:https://registry.npmjs.org/resolve-url cache-miss
784 http fetch GET 200 https://registry.npmjs.org/mixin-deep 342ms (cache miss)
785 silly packumentCache full:https://registry.npmjs.org/mixin-deep set size:undefined disposed:false
786 silly fetch manifest source-map-url@^0.4.0
787 silly packumentCache full:https://registry.npmjs.org/source-map-url cache-miss
788 http fetch GET 200 https://registry.npmjs.org/decode-uri-component 337ms (cache miss)
789 silly packumentCache full:https://registry.npmjs.org/decode-uri-component set size:undefined disposed:false
790 silly fetch manifest urix@^0.1.0
791 silly packumentCache full:https://registry.npmjs.org/urix cache-miss
792 http fetch GET 200 https://registry.npmjs.org/class-utils 373ms (cache miss)
793 silly packumentCache full:https://registry.npmjs.org/class-utils set size:undefined disposed:false
794 http fetch GET 200 https://registry.npmjs.org/cache-base 394ms (cache miss)
795 silly packumentCache full:https://registry.npmjs.org/cache-base set size:undefined disposed:false
796 http fetch GET 200 https://registry.npmjs.org/component-emitter 396ms (cache miss)
797 silly packumentCache full:https://registry.npmjs.org/component-emitter set size:undefined disposed:false
798 http fetch GET 200 https://registry.npmjs.org/atob 416ms (cache miss)
799 silly packumentCache full:https://registry.npmjs.org/atob set size:undefined disposed:false
800 http fetch GET 200 https://registry.npmjs.org/resolve-url 286ms (cache miss)
801 silly packumentCache full:https://registry.npmjs.org/resolve-url set size:undefined disposed:false
802 http fetch GET 200 https://registry.npmjs.org/source-map-url 284ms (cache miss)
803 silly packumentCache full:https://registry.npmjs.org/source-map-url set size:undefined disposed:false
804 http fetch GET 200 https://registry.npmjs.org/urix 281ms (cache miss)
805 silly packumentCache full:https://registry.npmjs.org/urix set size:undefined disposed:false
806 silly placeDep node_modules/live-server cache-base@1.0.1 OK for: base@0.11.2 want: ^1.0.1
807 silly placeDep node_modules/live-server class-utils@0.3.6 OK for: base@0.11.2 want: ^0.3.5
808 silly placeDep node_modules/live-server component-emitter@1.3.1 OK for: base@0.11.2 want: ^1.2.1
809 silly placeDep node_modules/live-server/node_modules/base define-property@1.0.0 OK for: base@0.11.2 want: ^1.0.0
810 silly placeDep node_modules/live-server mixin-deep@1.3.2 OK for: base@0.11.2 want: ^1.2.0
811 silly placeDep node_modules/live-server pascalcase@0.1.1 OK for: base@0.11.2 want: ^0.1.1
812 silly fetch manifest collection-visit@^1.0.0
813 silly packumentCache full:https://registry.npmjs.org/collection-visit cache-miss
814 silly fetch manifest get-value@^2.0.6
815 silly packumentCache full:https://registry.npmjs.org/get-value cache-miss
816 silly fetch manifest has-value@^1.0.0
817 silly packumentCache full:https://registry.npmjs.org/has-value cache-miss
818 silly fetch manifest set-value@^2.0.0
819 silly packumentCache full:https://registry.npmjs.org/set-value cache-miss
820 silly fetch manifest to-object-path@^0.3.0
821 silly packumentCache full:https://registry.npmjs.org/to-object-path cache-miss
822 silly fetch manifest union-value@^1.0.0
823 silly packumentCache full:https://registry.npmjs.org/union-value cache-miss
824 silly fetch manifest unset-value@^1.0.0
825 silly packumentCache full:https://registry.npmjs.org/unset-value cache-miss
826 http fetch GET 200 https://registry.npmjs.org/collection-visit 359ms (cache miss)
827 silly packumentCache full:https://registry.npmjs.org/collection-visit set size:undefined disposed:false
828 silly fetch manifest arr-union@^3.1.0
829 silly packumentCache full:https://registry.npmjs.org/arr-union cache-miss
830 http fetch GET 200 https://registry.npmjs.org/to-object-path 363ms (cache miss)
831 silly packumentCache full:https://registry.npmjs.org/to-object-path set size:undefined disposed:false
832 silly fetch manifest static-extend@^0.1.1
833 silly packumentCache full:https://registry.npmjs.org/static-extend cache-miss
834 http fetch GET 200 https://registry.npmjs.org/unset-value 363ms (cache miss)
835 silly packumentCache full:https://registry.npmjs.org/unset-value set size:undefined disposed:false
836 silly fetch manifest for-in@^1.0.2
837 silly packumentCache full:https://registry.npmjs.org/for-in cache-miss
838 http fetch GET 200 https://registry.npmjs.org/union-value 381ms (cache miss)
839 silly packumentCache full:https://registry.npmjs.org/union-value set size:undefined disposed:false
840 http fetch GET 200 https://registry.npmjs.org/has-value 410ms (cache miss)
841 silly packumentCache full:https://registry.npmjs.org/has-value set size:undefined disposed:false
842 http fetch GET 200 https://registry.npmjs.org/get-value 420ms (cache miss)
843 silly packumentCache full:https://registry.npmjs.org/get-value set size:undefined disposed:false
844 http fetch GET 200 https://registry.npmjs.org/set-value 430ms (cache miss)
845 silly packumentCache full:https://registry.npmjs.org/set-value set size:undefined disposed:false
846 http fetch GET 200 https://registry.npmjs.org/static-extend 246ms (cache miss)
847 silly packumentCache full:https://registry.npmjs.org/static-extend set size:undefined disposed:false
848 http fetch GET 200 https://registry.npmjs.org/arr-union 275ms (cache miss)
849 silly packumentCache full:https://registry.npmjs.org/arr-union set size:undefined disposed:false
850 http fetch GET 200 https://registry.npmjs.org/for-in 259ms (cache miss)
851 silly packumentCache full:https://registry.npmjs.org/for-in set size:undefined disposed:false
852 silly placeDep node_modules/live-server collection-visit@1.0.0 OK for: cache-base@1.0.1 want: ^1.0.0
853 silly placeDep node_modules/live-server get-value@2.0.6 OK for: cache-base@1.0.1 want: ^2.0.6
854 silly placeDep node_modules/live-server has-value@1.0.0 OK for: cache-base@1.0.1 want: ^1.0.0
855 silly placeDep node_modules/live-server set-value@2.0.1 OK for: cache-base@1.0.1 want: ^2.0.0
856 silly placeDep node_modules/live-server to-object-path@0.3.0 OK for: cache-base@1.0.1 want: ^0.3.0
857 silly placeDep node_modules/live-server union-value@1.0.1 OK for: cache-base@1.0.1 want: ^1.0.0
858 silly placeDep node_modules/live-server unset-value@1.0.0 OK for: cache-base@1.0.1 want: ^1.0.0
859 silly fetch manifest map-visit@^1.0.0
860 silly packumentCache full:https://registry.npmjs.org/map-visit cache-miss
861 silly fetch manifest object-visit@^1.0.0
862 silly packumentCache full:https://registry.npmjs.org/object-visit cache-miss
863 silly fetch manifest has-values@^1.0.0
864 silly packumentCache full:https://registry.npmjs.org/has-values cache-miss
865 silly fetch manifest is-plain-object@^2.0.3
866 silly packumentCache full:https://registry.npmjs.org/is-plain-object cache-miss
867 silly fetch manifest has-value@^0.3.1
868 silly packumentCache full:https://registry.npmjs.org/has-value cache-miss
869 http cache https://registry.npmjs.org/has-value 48ms (cache hit)
870 silly packumentCache full:https://registry.npmjs.org/has-value set size:26861 disposed:false
871 http fetch GET 200 https://registry.npmjs.org/map-visit 302ms (cache miss)
872 silly packumentCache full:https://registry.npmjs.org/map-visit set size:undefined disposed:false
873 http fetch GET 200 https://registry.npmjs.org/has-values 302ms (cache miss)
874 silly packumentCache full:https://registry.npmjs.org/has-values set size:undefined disposed:false
875 http fetch GET 200 https://registry.npmjs.org/object-visit 318ms (cache miss)
876 silly packumentCache full:https://registry.npmjs.org/object-visit set size:undefined disposed:false
877 http fetch GET 200 https://registry.npmjs.org/is-plain-object 327ms (cache miss)
878 silly packumentCache full:https://registry.npmjs.org/is-plain-object set size:undefined disposed:false
879 silly placeDep node_modules/live-server arr-union@3.1.0 OK for: class-utils@0.3.6 want: ^3.1.0
880 silly placeDep node_modules/live-server/node_modules/class-utils define-property@0.2.5 OK for: class-utils@0.3.6 want: ^0.2.5
881 silly placeDep node_modules/live-server static-extend@0.1.2 OK for: class-utils@0.3.6 want: ^0.1.1
882 silly fetch manifest object-copy@^0.1.0
883 silly packumentCache full:https://registry.npmjs.org/object-copy cache-miss
884 http fetch GET 200 https://registry.npmjs.org/object-copy 263ms (cache miss)
885 silly packumentCache full:https://registry.npmjs.org/object-copy set size:undefined disposed:false
886 silly placeDep node_modules/live-server map-visit@1.0.0 OK for: collection-visit@1.0.0 want: ^1.0.0
887 silly placeDep node_modules/live-server object-visit@1.0.1 OK for: collection-visit@1.0.0 want: ^1.0.0
888 silly placeDep node_modules/live-server has-values@1.0.0 OK for: has-value@1.0.0 want: ^1.0.0
889 silly fetch manifest kind-of@^4.0.0
890 silly packumentCache full:https://registry.npmjs.org/kind-of cache-hit
891 silly placeDep node_modules/live-server/node_modules/has-values kind-of@4.0.0 OK for: has-values@1.0.0 want: ^4.0.0
892 silly placeDep node_modules/live-server for-in@1.0.2 OK for: mixin-deep@1.3.2 want: ^1.0.2
893 silly placeDep node_modules/live-server/node_modules/mixin-deep is-extendable@1.0.1 OK for: mixin-deep@1.3.2 want: ^1.0.1
894 silly fetch manifest is-plain-object@^2.0.4
895 silly packumentCache full:https://registry.npmjs.org/is-plain-object cache-miss
896 http cache https://registry.npmjs.org/is-plain-object 20ms (cache hit)
897 silly packumentCache full:https://registry.npmjs.org/is-plain-object set size:47016 disposed:false
898 silly placeDep node_modules/live-server is-plain-object@2.0.4 OK for: set-value@2.0.1 want: ^2.0.3
899 silly placeDep node_modules/live-server/node_modules/snapdragon-node define-property@1.0.0 OK for: snapdragon-node@2.1.1 want: ^1.0.0
900 silly placeDep node_modules/live-server snapdragon-util@3.0.1 OK for: snapdragon-node@2.1.1 want: ^3.0.1
901 silly placeDep node_modules/live-server atob@2.1.2 OK for: source-map-resolve@0.5.3 want: ^2.1.2
902 silly placeDep node_modules/live-server decode-uri-component@0.2.2 OK for: source-map-resolve@0.5.3 want: ^0.2.0
903 silly placeDep node_modules/live-server resolve-url@0.2.1 OK for: source-map-resolve@0.5.3 want: ^0.2.1
904 silly placeDep node_modules/live-server source-map-url@0.4.1 OK for: source-map-resolve@0.5.3 want: ^0.4.0
905 silly placeDep node_modules/live-server urix@0.1.0 OK for: source-map-resolve@0.5.3 want: ^0.1.0
906 silly placeDep node_modules/live-server/node_modules/split-string extend-shallow@3.0.2 OK for: split-string@3.1.0 want: ^3.0.0
907 silly placeDep node_modules/live-server/node_modules/static-extend define-property@0.2.5 OK for: static-extend@0.1.2 want: ^0.2.5
908 silly placeDep node_modules/live-server object-copy@0.1.0 OK for: static-extend@0.1.2 want: ^0.1.0
909 silly fetch manifest copy-descriptor@^0.1.0
910 silly packumentCache full:https://registry.npmjs.org/copy-descriptor cache-miss
911 http fetch GET 200 https://registry.npmjs.org/copy-descriptor 280ms (cache miss)
912 silly packumentCache full:https://registry.npmjs.org/copy-descriptor set size:undefined disposed:false
913 silly placeDep node_modules/live-server copy-descriptor@0.1.1 OK for: object-copy@0.1.0 want: ^0.1.0
914 silly placeDep node_modules/live-server/node_modules/object-copy define-property@0.2.5 OK for: object-copy@0.1.0 want: ^0.2.5
915 silly placeDep node_modules/live-server/node_modules/to-regex extend-shallow@3.0.2 OK for: to-regex@3.0.2 want: ^3.0.2
916 silly placeDep node_modules/live-server/node_modules/unset-value has-value@0.3.1 OK for: unset-value@1.0.0 want: ^0.3.1
917 silly fetch manifest has-values@^0.1.4
918 silly packumentCache full:https://registry.npmjs.org/has-values cache-miss
919 silly fetch manifest isobject@^2.0.0
920 silly packumentCache full:https://registry.npmjs.org/isobject cache-miss
921 http cache https://registry.npmjs.org/has-values 26ms (cache hit)
922 silly packumentCache full:https://registry.npmjs.org/has-values set size:20840 disposed:false
923 http cache https://registry.npmjs.org/isobject 31ms (cache hit)
924 silly packumentCache full:https://registry.npmjs.org/isobject set size:26140 disposed:false
925 silly placeDep node_modules/live-server http-parser-js@0.5.10 OK for: websocket-driver@0.7.5 want: >=0.5.1
926 silly placeDep node_modules/live-server websocket-extensions@0.1.4 OK for: websocket-driver@0.7.5 want: >=0.1.1
927 silly placeDep node_modules/live-server/node_modules/accepts mime-db@1.52.0 OK for: mime-types@2.1.35 want: 1.52.0
928 silly placeDep node_modules/live-server remove-trailing-separator@1.1.0 OK for: normalize-path@2.1.1 want: ^1.0.1
929 silly placeDep node_modules/live-server/node_modules/class-utils is-descriptor@0.1.8 OK for: define-property@0.2.5 want: ^0.1.0
930 silly placeDep node_modules/live-server/node_modules/expand-brackets is-descriptor@0.1.8 OK for: define-property@0.2.5 want: ^0.1.0
931 silly placeDep node_modules/live-server assign-symbols@1.0.0 OK for: extend-shallow@3.0.2 want: ^1.0.0
932 silly placeDep node_modules/live-server/node_modules/micromatch is-extendable@1.0.1 OK for: extend-shallow@3.0.2 want: ^1.0.1
933 silly placeDep node_modules/live-server/node_modules/nanomatch is-extendable@1.0.1 OK for: extend-shallow@3.0.2 want: ^1.0.1
934 silly placeDep node_modules/live-server/node_modules/object-copy is-descriptor@0.1.8 OK for: define-property@0.2.5 want: ^0.1.0
935 silly placeDep node_modules/live-server/node_modules/regex-not is-extendable@1.0.1 OK for: extend-shallow@3.0.2 want: ^1.0.1
936 silly placeDep node_modules/live-server/node_modules/serve-index depd@1.1.2 OK for: http-errors@1.8.1 want: ~1.1.2
937 silly placeDep node_modules/live-server/node_modules/serve-index mime-db@1.52.0 OK for: mime-types@2.1.35 want: 1.52.0
938 silly placeDep node_modules/live-server/node_modules/snapdragon is-descriptor@0.1.8 OK for: define-property@0.2.5 want: ^0.1.0
939 silly placeDep node_modules/live-server/node_modules/split-string is-extendable@1.0.1 OK for: extend-shallow@3.0.2 want: ^1.0.1
940 silly placeDep node_modules/live-server/node_modules/static-extend is-descriptor@0.1.8 OK for: define-property@0.2.5 want: ^0.1.0
941 silly placeDep node_modules/live-server/node_modules/to-regex is-extendable@1.0.1 OK for: extend-shallow@3.0.2 want: ^1.0.1
942 silly placeDep node_modules/live-server/node_modules/unset-value has-values@0.1.4 OK for: has-value@0.3.1 want: ^0.1.4
943 silly placeDep node_modules/live-server/node_modules/unset-value/node_modules/has-value isobject@2.1.0 OK for: has-value@0.3.1 want: ^2.0.0
944 silly reify moves {}
945 http cache live-server@https://registry.npmjs.org/live-server/-/live-server-1.2.2.tgz 0ms (cache hit)
946 http cache assign-symbols@https://registry.npmjs.org/assign-symbols/-/assign-symbols-1.0.0.tgz 0ms (cache hit)
947 http cache remove-trailing-separator@https://registry.npmjs.org/remove-trailing-separator/-/remove-trailing-separator-1.1.0.tgz 0ms (cache hit)
948 http cache websocket-extensions@https://registry.npmjs.org/websocket-extensions/-/websocket-extensions-0.1.4.tgz 0ms (cache hit)
949 http cache http-parser-js@https://registry.npmjs.org/http-parser-js/-/http-parser-js-0.5.10.tgz 0ms (cache hit)
950 http cache copy-descriptor@https://registry.npmjs.org/copy-descriptor/-/copy-descriptor-0.1.1.tgz 0ms (cache hit)
951 http cache object-copy@https://registry.npmjs.org/object-copy/-/object-copy-0.1.0.tgz 0ms (cache hit)
952 http cache is-descriptor@https://registry.npmjs.org/is-descriptor/-/is-descriptor-0.1.8.tgz 0ms (cache hit)
953 http cache define-property@https://registry.npmjs.org/define-property/-/define-property-0.2.5.tgz 0ms (cache hit)
954 http cache urix@https://registry.npmjs.org/urix/-/urix-0.1.0.tgz 0ms (cache hit)
955 http cache source-map-url@https://registry.npmjs.org/source-map-url/-/source-map-url-0.4.1.tgz 0ms (cache hit)
956 http cache resolve-url@https://registry.npmjs.org/resolve-url/-/resolve-url-0.2.1.tgz 1ms (cache hit)
957 http cache decode-uri-component@https://registry.npmjs.org/decode-uri-component/-/decode-uri-component-0.2.2.tgz 0ms (cache hit)
958 http cache snapdragon-util@https://registry.npmjs.org/snapdragon-util/-/snapdragon-util-3.0.1.tgz 0ms (cache hit)
959 http cache is-plain-object@https://registry.npmjs.org/is-plain-object/-/is-plain-object-2.0.4.tgz 0ms (cache hit)
960 http cache for-in@https://registry.npmjs.org/for-in/-/for-in-1.0.2.tgz 0ms (cache hit)
961 http cache atob@https://registry.npmjs.org/atob/-/atob-2.1.2.tgz 0ms (cache hit)
962 http cache has-values@https://registry.npmjs.org/has-values/-/has-values-1.0.0.tgz 0ms (cache hit)
963 http cache kind-of@https://registry.npmjs.org/kind-of/-/kind-of-4.0.0.tgz 0ms (cache hit)
964 http cache object-visit@https://registry.npmjs.org/object-visit/-/object-visit-1.0.1.tgz 0ms (cache hit)
965 http cache map-visit@https://registry.npmjs.org/map-visit/-/map-visit-1.0.0.tgz 0ms (cache hit)
966 http cache static-extend@https://registry.npmjs.org/static-extend/-/static-extend-0.1.2.tgz 0ms (cache hit)
967 http cache arr-union@https://registry.npmjs.org/arr-union/-/arr-union-3.1.0.tgz 1ms (cache hit)
968 http cache unset-value@https://registry.npmjs.org/unset-value/-/unset-value-1.0.0.tgz 1ms (cache hit)
969 http cache is-descriptor@https://registry.npmjs.org/is-descriptor/-/is-descriptor-0.1.8.tgz 0ms (cache hit)
970 http cache has-values@https://registry.npmjs.org/has-values/-/has-values-0.1.4.tgz 0ms (cache hit)
971 http cache has-value@https://registry.npmjs.org/has-value/-/has-value-0.3.1.tgz 0ms (cache hit)
972 http cache isobject@https://registry.npmjs.org/isobject/-/isobject-2.1.0.tgz 0ms (cache hit)
973 http cache union-value@https://registry.npmjs.org/union-value/-/union-value-1.0.1.tgz 0ms (cache hit)
974 http cache to-object-path@https://registry.npmjs.org/to-object-path/-/to-object-path-0.3.0.tgz 0ms (cache hit)
975 http cache define-property@https://registry.npmjs.org/define-property/-/define-property-0.2.5.tgz 0ms (cache hit)
976 http cache has-value@https://registry.npmjs.org/has-value/-/has-value-1.0.0.tgz 0ms (cache hit)
977 http cache set-value@https://registry.npmjs.org/set-value/-/set-value-2.0.1.tgz 0ms (cache hit)
978 http cache get-value@https://registry.npmjs.org/get-value/-/get-value-2.0.6.tgz 0ms (cache hit)
979 http cache collection-visit@https://registry.npmjs.org/collection-visit/-/collection-visit-1.0.0.tgz 0ms (cache hit)
980 http cache pascalcase@https://registry.npmjs.org/pascalcase/-/pascalcase-0.1.1.tgz 0ms (cache hit)
981 http cache mixin-deep@https://registry.npmjs.org/mixin-deep/-/mixin-deep-1.3.2.tgz 0ms (cache hit)
982 http cache component-emitter@https://registry.npmjs.org/component-emitter/-/component-emitter-1.3.1.tgz 0ms (cache hit)
983 http cache is-extendable@https://registry.npmjs.org/is-extendable/-/is-extendable-1.0.1.tgz 0ms (cache hit)
984 http cache class-utils@https://registry.npmjs.org/class-utils/-/class-utils-0.3.6.tgz 0ms (cache hit)
985 http cache is-descriptor@https://registry.npmjs.org/is-descriptor/-/is-descriptor-0.1.8.tgz 1ms (cache hit)
986 http cache define-property@https://registry.npmjs.org/define-property/-/define-property-0.2.5.tgz 0ms (cache hit)
987 http cache base@https://registry.npmjs.org/base/-/base-0.11.2.tgz 0ms (cache hit)
988 http cache define-property@https://registry.npmjs.org/define-property/-/define-property-1.0.0.tgz 0ms (cache hit)
989 http cache negotiator@https://registry.npmjs.org/negotiator/-/negotiator-0.6.3.tgz 1ms (cache hit)
990 http cache batch@https://registry.npmjs.org/batch/-/batch-0.6.1.tgz 0ms (cache hit)
991 http cache accepts@https://registry.npmjs.org/accepts/-/accepts-1.3.8.tgz 0ms (cache hit)
992 http cache mime-db@https://registry.npmjs.org/mime-db/-/mime-db-1.52.0.tgz 0ms (cache hit)
993 http cache source-map-resolve@https://registry.npmjs.org/source-map-resolve/-/source-map-resolve-0.5.3.tgz 0ms (cache hit)
994 http cache mime-types@https://registry.npmjs.org/mime-types/-/mime-types-2.1.35.tgz 1ms (cache hit)
995 http cache mime-db@https://registry.npmjs.org/mime-db/-/mime-db-1.54.0.tgz 0ms (cache hit)
996 http cache toidentifier@https://registry.npmjs.org/toidentifier/-/toidentifier-1.0.1.tgz 0ms (cache hit)
997 http cache cache-base@https://registry.npmjs.org/cache-base/-/cache-base-1.0.1.tgz 0ms (cache hit)
998 http cache use@https://registry.npmjs.org/use/-/use-3.1.1.tgz 0ms (cache hit)
999 http cache setprototypeof@https://registry.npmjs.org/setprototypeof/-/setprototypeof-1.2.0.tgz 0ms (cache hit)
1000 http cache mime-types@https://registry.npmjs.org/mime-types/-/mime-types-3.0.2.tgz 0ms (cache hit)
1001 http cache range-parser@https://registry.npmjs.org/range-parser/-/range-parser-1.3.0.tgz 0ms (cache hit)
1002 http cache etag@https://registry.npmjs.org/etag/-/etag-1.8.1.tgz 0ms (cache hit)
1003 http cache statuses@https://registry.npmjs.org/statuses/-/statuses-2.0.2.tgz 0ms (cache hit)
1004 http cache fresh@https://registry.npmjs.org/fresh/-/fresh-2.0.0.tgz 0ms (cache hit)
1005 http cache ret@https://registry.npmjs.org/ret/-/ret-0.1.15.tgz 0ms (cache hit)
1006 http cache safe-regex@https://registry.npmjs.org/safe-regex/-/safe-regex-1.1.0.tgz 0ms (cache hit)
1007 http cache string_decoder@https://registry.npmjs.org/string_decoder/-/string_decoder-1.1.1.tgz 0ms (cache hit)
1008 http cache source-map@https://registry.npmjs.org/source-map/-/source-map-0.5.7.tgz 0ms (cache hit)
1009 http cache process-nextick-args@https://registry.npmjs.org/process-nextick-args/-/process-nextick-args-2.0.1.tgz 0ms (cache hit)
1010 http cache isarray@https://registry.npmjs.org/isarray/-/isarray-1.0.0.tgz 0ms (cache hit)
1011 http cache readable-stream@https://registry.npmjs.org/readable-stream/-/readable-stream-2.3.8.tgz 0ms (cache hit)
1012 http cache graceful-fs@https://registry.npmjs.org/graceful-fs/-/graceful-fs-4.2.11.tgz 0ms (cache hit)
1013 http cache core-util-is@https://registry.npmjs.org/core-util-is/-/core-util-is-1.0.3.tgz 0ms (cache hit)
1014 http cache is-wsl@https://registry.npmjs.org/is-wsl/-/is-wsl-1.1.0.tgz 0ms (cache hit)
1015 http cache ee-first@https://registry.npmjs.org/ee-first/-/ee-first-1.1.1.tgz 0ms (cache hit)
1016 http cache is-windows@https://registry.npmjs.org/is-windows/-/is-windows-1.0.2.tgz 0ms (cache hit)
1017 http cache safe-buffer@https://registry.npmjs.org/safe-buffer/-/safe-buffer-5.1.2.tgz 0ms (cache hit)
1018 http cache on-headers@https://registry.npmjs.org/on-headers/-/on-headers-1.1.0.tgz 0ms (cache hit)
1019 http cache depd@https://registry.npmjs.org/depd/-/depd-2.0.0.tgz 0ms (cache hit)
1020 http cache basic-auth@https://registry.npmjs.org/basic-auth/-/basic-auth-2.0.1.tgz 0ms (cache hit)
1021 http cache function-bind@https://registry.npmjs.org/function-bind/-/function-bind-1.1.2.tgz 1ms (cache hit)
1022 http cache hasown@https://registry.npmjs.org/hasown/-/hasown-2.0.4.tgz 1ms (cache hit)
1023 http cache is-data-descriptor@https://registry.npmjs.org/is-data-descriptor/-/is-data-descriptor-1.0.1.tgz 0ms (cache hit)
1024 http cache is-accessor-descriptor@https://registry.npmjs.org/is-accessor-descriptor/-/is-accessor-descriptor-1.0.2.tgz 0ms (cache hit)
1025 http cache map-cache@https://registry.npmjs.org/map-cache/-/map-cache-0.2.2.tgz 0ms (cache hit)
1026 http cache posix-character-classes@https://registry.npmjs.org/posix-character-classes/-/posix-character-classes-0.1.1.tgz 0ms (cache hit)
1027 http cache util-deprecate@https://registry.npmjs.org/util-deprecate/-/util-deprecate-1.0.2.tgz 0ms (cache hit)
1028 http cache expand-brackets@https://registry.npmjs.org/expand-brackets/-/expand-brackets-2.1.4.tgz 1ms (cache hit)
1029 http cache is-descriptor@https://registry.npmjs.org/is-descriptor/-/is-descriptor-0.1.8.tgz 0ms (cache hit)
1030 http cache is-descriptor@https://registry.npmjs.org/is-descriptor/-/is-descriptor-1.0.4.tgz 0ms (cache hit)
1031 http cache define-property@https://registry.npmjs.org/define-property/-/define-property-0.2.5.tgz 0ms (cache hit)
1032 http cache regex-not@https://registry.npmjs.org/regex-not/-/regex-not-1.0.2.tgz 0ms (cache hit)
1033 http cache is-extendable@https://registry.npmjs.org/is-extendable/-/is-extendable-1.0.1.tgz 0ms (cache hit)
1034 http cache extend-shallow@https://registry.npmjs.org/extend-shallow/-/extend-shallow-3.0.2.tgz 0ms (cache hit)
1035 http cache object.pick@https://registry.npmjs.org/object.pick/-/object.pick-1.3.0.tgz 0ms (cache hit)
1036 http cache nanomatch@https://registry.npmjs.org/nanomatch/-/nanomatch-1.2.13.tgz 0ms (cache hit)
1037 http cache is-extendable@https://registry.npmjs.org/is-extendable/-/is-extendable-1.0.1.tgz 0ms (cache hit)
1038 http cache kind-of@https://registry.npmjs.org/kind-of/-/kind-of-6.0.3.tgz 0ms (cache hit)
1039 http cache extend-shallow@https://registry.npmjs.org/extend-shallow/-/extend-shallow-3.0.2.tgz 0ms (cache hit)
1040 http cache fragment-cache@https://registry.npmjs.org/fragment-cache/-/fragment-cache-0.2.1.tgz 0ms (cache hit)
1041 http cache extglob@https://registry.npmjs.org/extglob/-/extglob-2.0.4.tgz 0ms (cache hit)
1042 http cache define-property@https://registry.npmjs.org/define-property/-/define-property-2.0.2.tgz 0ms (cache hit)
1043 http cache define-property@https://registry.npmjs.org/define-property/-/define-property-1.0.0.tgz 0ms (cache hit)
1044 http cache arr-diff@https://registry.npmjs.org/arr-diff/-/arr-diff-4.0.0.tgz 0ms (cache hit)
1045 http cache is-buffer@https://registry.npmjs.org/is-buffer/-/is-buffer-1.1.6.tgz 0ms (cache hit)
1046 http cache kind-of@https://registry.npmjs.org/kind-of/-/kind-of-3.2.2.tgz 0ms (cache hit)
1047 http cache is-extglob@https://registry.npmjs.org/is-extglob/-/is-extglob-2.1.1.tgz 0ms (cache hit)
1048 http cache binary-extensions@https://registry.npmjs.org/binary-extensions/-/binary-extensions-1.13.1.tgz 0ms (cache hit)
1049 http cache unix-crypt-td-js@https://registry.npmjs.org/unix-crypt-td-js/-/unix-crypt-td-js-1.1.4.tgz 1ms (cache hit)
1050 http cache uuid@https://registry.npmjs.org/uuid/-/uuid-3.4.0.tgz 0ms (cache hit)
1051 http cache bcryptjs@https://registry.npmjs.org/bcryptjs/-/bcryptjs-2.4.3.tgz 0ms (cache hit)
1052 http cache apache-md5@https://registry.npmjs.org/apache-md5/-/apache-md5-1.1.8.tgz 0ms (cache hit)
1053 http cache path-dirname@https://registry.npmjs.org/path-dirname/-/path-dirname-1.0.2.tgz 0ms (cache hit)
1054 http cache unpipe@https://registry.npmjs.org/unpipe/-/unpipe-1.0.0.tgz 1ms (cache hit)
1055 http cache statuses@https://registry.npmjs.org/statuses/-/statuses-1.5.0.tgz 0ms (cache hit)
1056 http cache apache-crypt@https://registry.npmjs.org/apache-crypt/-/apache-crypt-1.2.6.tgz 0ms (cache hit)
1057 http cache on-finished@https://registry.npmjs.org/on-finished/-/on-finished-2.3.0.tgz 0ms (cache hit)
1058 http cache escape-html@https://registry.npmjs.org/escape-html/-/escape-html-1.0.3.tgz 0ms (cache hit)
1059 http cache encodeurl@https://registry.npmjs.org/encodeurl/-/encodeurl-1.0.2.tgz 0ms (cache hit)
1060 http cache to-regex-range@https://registry.npmjs.org/to-regex-range/-/to-regex-range-2.1.1.tgz 0ms (cache hit)
1061 http cache repeat-string@https://registry.npmjs.org/repeat-string/-/repeat-string-1.6.1.tgz 0ms (cache hit)
1062 http cache is-number@https://registry.npmjs.org/is-number/-/is-number-3.0.0.tgz 0ms (cache hit)
1063 http cache websocket-driver@https://registry.npmjs.org/websocket-driver/-/websocket-driver-0.7.5.tgz 0ms (cache hit)
1064 http cache is-extendable@https://registry.npmjs.org/is-extendable/-/is-extendable-0.1.1.tgz 1ms (cache hit)
1065 http cache through@https://registry.npmjs.org/through/-/through-2.3.8.tgz 1ms (cache hit)
1066 http cache stream-combiner@https://registry.npmjs.org/stream-combiner/-/stream-combiner-0.0.4.tgz 0ms (cache hit)
1067 http cache split@https://registry.npmjs.org/split/-/split-0.3.3.tgz 0ms (cache hit)
1068 http cache pause-stream@https://registry.npmjs.org/pause-stream/-/pause-stream-0.0.11.tgz 0ms (cache hit)
1069 http cache map-stream@https://registry.npmjs.org/map-stream/-/map-stream-0.1.0.tgz 0ms (cache hit)
1070 http cache from@https://registry.npmjs.org/from/-/from-0.1.7.tgz 0ms (cache hit)
1071 http cache duplexer@https://registry.npmjs.org/duplexer/-/duplexer-0.1.2.tgz 0ms (cache hit)
1072 http cache ms@https://registry.npmjs.org/ms/-/ms-2.0.0.tgz 0ms (cache hit)
1073 http cache utils-merge@https://registry.npmjs.org/utils-merge/-/utils-merge-1.0.1.tgz 0ms (cache hit)
1074 http cache vary@https://registry.npmjs.org/vary/-/vary-1.1.2.tgz 1ms (cache hit)
1075 http cache parseurl@https://registry.npmjs.org/parseurl/-/parseurl-1.3.3.tgz 0ms (cache hit)
1076 http cache finalhandler@https://registry.npmjs.org/finalhandler/-/finalhandler-1.1.2.tgz 0ms (cache hit)
1077 http cache to-regex@https://registry.npmjs.org/to-regex/-/to-regex-3.0.2.tgz 0ms (cache hit)
1078 http cache is-extendable@https://registry.npmjs.org/is-extendable/-/is-extendable-1.0.1.tgz 0ms (cache hit)
1079 http cache extend-shallow@https://registry.npmjs.org/extend-shallow/-/extend-shallow-3.0.2.tgz 0ms (cache hit)
1080 http cache split-string@https://registry.npmjs.org/split-string/-/split-string-3.1.0.tgz 0ms (cache hit)
1081 http cache is-extendable@https://registry.npmjs.org/is-extendable/-/is-extendable-1.0.1.tgz 0ms (cache hit)
1082 http cache extend-shallow@https://registry.npmjs.org/extend-shallow/-/extend-shallow-3.0.2.tgz 0ms (cache hit)
1083 http cache snapdragon-node@https://registry.npmjs.org/snapdragon-node/-/snapdragon-node-2.1.1.tgz 1ms (cache hit)
1084 http cache define-property@https://registry.npmjs.org/define-property/-/define-property-1.0.0.tgz 0ms (cache hit)
1085 http cache debug@https://registry.npmjs.org/debug/-/debug-2.6.9.tgz 1ms (cache hit)
1086 http cache snapdragon@https://registry.npmjs.org/snapdragon/-/snapdragon-0.8.2.tgz 0ms (cache hit)
1087 http cache is-descriptor@https://registry.npmjs.org/is-descriptor/-/is-descriptor-0.1.8.tgz 0ms (cache hit)
1088 http cache repeat-element@https://registry.npmjs.org/repeat-element/-/repeat-element-1.1.4.tgz 0ms (cache hit)
1089 http cache define-property@https://registry.npmjs.org/define-property/-/define-property-0.2.5.tgz 0ms (cache hit)
1090 http cache isobject@https://registry.npmjs.org/isobject/-/isobject-3.0.1.tgz 0ms (cache hit)
1091 http cache fill-range@https://registry.npmjs.org/fill-range/-/fill-range-4.0.0.tgz 0ms (cache hit)
1092 http cache extend-shallow@https://registry.npmjs.org/extend-shallow/-/extend-shallow-2.0.1.tgz 0ms (cache hit)
1093 http cache array-unique@https://registry.npmjs.org/array-unique/-/array-unique-0.3.2.tgz 0ms (cache hit)
1094 http cache micromatch@https://registry.npmjs.org/micromatch/-/micromatch-3.1.10.tgz 0ms (cache hit)
1095 http cache is-extendable@https://registry.npmjs.org/is-extendable/-/is-extendable-1.0.1.tgz 0ms (cache hit)
1096 http cache kind-of@https://registry.npmjs.org/kind-of/-/kind-of-6.0.3.tgz 0ms (cache hit)
1097 http cache extend-shallow@https://registry.npmjs.org/extend-shallow/-/extend-shallow-3.0.2.tgz 0ms (cache hit)
1098 http cache upath@https://registry.npmjs.org/upath/-/upath-1.2.0.tgz 0ms (cache hit)
1099 http cache readdirp@https://registry.npmjs.org/readdirp/-/readdirp-2.2.1.tgz 0ms (cache hit)
1100 http cache path-is-absolute@https://registry.npmjs.org/path-is-absolute/-/path-is-absolute-1.0.1.tgz 0ms (cache hit)
1101 http cache normalize-path@https://registry.npmjs.org/normalize-path/-/normalize-path-3.0.0.tgz 0ms (cache hit)
1102 http cache is-glob@https://registry.npmjs.org/is-glob/-/is-glob-4.0.3.tgz 0ms (cache hit)
1103 http cache is-binary-path@https://registry.npmjs.org/is-binary-path/-/is-binary-path-1.0.1.tgz 0ms (cache hit)
1104 http cache inherits@https://registry.npmjs.org/inherits/-/inherits-2.0.4.tgz 0ms (cache hit)
1105 http cache is-glob@https://registry.npmjs.org/is-glob/-/is-glob-3.1.0.tgz 1ms (cache hit)
1106 http cache braces@https://registry.npmjs.org/braces/-/braces-2.3.2.tgz 0ms (cache hit)
1107 http cache async-each@https://registry.npmjs.org/async-each/-/async-each-1.0.6.tgz 0ms (cache hit)
1108 http cache arr-flatten@https://registry.npmjs.org/arr-flatten/-/arr-flatten-1.1.0.tgz 0ms (cache hit)
1109 http cache glob-parent@https://registry.npmjs.org/glob-parent/-/glob-parent-3.1.0.tgz 0ms (cache hit)
1110 http cache anymatch@https://registry.npmjs.org/anymatch/-/anymatch-2.0.0.tgz 0ms (cache hit)
1111 http cache serve-index@https://registry.npmjs.org/serve-index/-/serve-index-1.9.2.tgz 0ms (cache hit)
1112 http cache normalize-path@https://registry.npmjs.org/normalize-path/-/normalize-path-2.1.1.tgz 0ms (cache hit)
1113 http cache mime-db@https://registry.npmjs.org/mime-db/-/mime-db-1.52.0.tgz 0ms (cache hit)
1114 http cache depd@https://registry.npmjs.org/depd/-/depd-1.1.2.tgz 0ms (cache hit)
1115 http cache mime-types@https://registry.npmjs.org/mime-types/-/mime-types-2.1.35.tgz 0ms (cache hit)
1116 http cache http-errors@https://registry.npmjs.org/http-errors/-/http-errors-1.8.1.tgz 0ms (cache hit)
1117 http cache send@https://registry.npmjs.org/send/-/send-1.2.1.tgz 0ms (cache hit)
1118 http cache statuses@https://registry.npmjs.org/statuses/-/statuses-2.0.2.tgz 1ms (cache hit)
1119 http cache on-finished@https://registry.npmjs.org/on-finished/-/on-finished-2.4.1.tgz 0ms (cache hit)
1120 http cache ms@https://registry.npmjs.org/ms/-/ms-2.1.3.tgz 0ms (cache hit)
1121 http cache encodeurl@https://registry.npmjs.org/encodeurl/-/encodeurl-2.0.0.tgz 0ms (cache hit)
1122 http cache debug@https://registry.npmjs.org/debug/-/debug-4.4.3.tgz 0ms (cache hit)
1123 http cache proxy-middleware@https://registry.npmjs.org/proxy-middleware/-/proxy-middleware-0.15.0.tgz 0ms (cache hit)
1124 http cache opn@https://registry.npmjs.org/opn/-/opn-6.0.0.tgz 0ms (cache hit)
1125 http cache object-assign@https://registry.npmjs.org/object-assign/-/object-assign-4.1.1.tgz 0ms (cache hit)
1126 http cache morgan@https://registry.npmjs.org/morgan/-/morgan-1.11.0.tgz 0ms (cache hit)
1127 http cache on-finished@https://registry.npmjs.org/on-finished/-/on-finished-2.4.1.tgz 0ms (cache hit)
1128 http cache http-auth@https://registry.npmjs.org/http-auth/-/http-auth-3.1.3.tgz 0ms (cache hit)
1129 http cache faye-websocket@https://registry.npmjs.org/faye-websocket/-/faye-websocket-0.11.4.tgz 0ms (cache hit)
1130 http cache event-stream@https://registry.npmjs.org/event-stream/-/event-stream-3.3.4.tgz 1ms (cache hit)
1131 http cache cors@https://registry.npmjs.org/cors/-/cors-2.8.6.tgz 1ms (cache hit)
1132 http cache connect@https://registry.npmjs.org/connect/-/connect-3.7.0.tgz 0ms (cache hit)
1133 http cache colors@https://registry.npmjs.org/colors/-/colors-1.4.0.tgz 0ms (cache hit)
1134 http cache chokidar@https://registry.npmjs.org/chokidar/-/chokidar-2.1.8.tgz 0ms (cache hit)
1135 http cache http-errors@https://registry.npmjs.org/http-errors/-/http-errors-2.0.1.tgz 0ms (cache hit)
1136 silly tarball no local data for live-server@https://registry.npmjs.org/live-server/-/live-server-1.2.2.tgz. Extracting by manifest.
1137 silly tarball no local data for assign-symbols@https://registry.npmjs.org/assign-symbols/-/assign-symbols-1.0.0.tgz. Extracting by manifest.
1138 silly tarball no local data for remove-trailing-separator@https://registry.npmjs.org/remove-trailing-separator/-/remove-trailing-separator-1.1.0.tgz. Extracting by manifest.
1139 silly tarball no local data for websocket-extensions@https://registry.npmjs.org/websocket-extensions/-/websocket-extensions-0.1.4.tgz. Extracting by manifest.
1140 silly tarball no local data for http-parser-js@https://registry.npmjs.org/http-parser-js/-/http-parser-js-0.5.10.tgz. Extracting by manifest.
1141 silly tarball no local data for copy-descriptor@https://registry.npmjs.org/copy-descriptor/-/copy-descriptor-0.1.1.tgz. Extracting by manifest.
1142 silly tarball no local data for object-copy@https://registry.npmjs.org/object-copy/-/object-copy-0.1.0.tgz. Extracting by manifest.
1143 silly tarball no local data for is-descriptor@https://registry.npmjs.org/is-descriptor/-/is-descriptor-0.1.8.tgz. Extracting by manifest.
1144 silly tarball no local data for define-property@https://registry.npmjs.org/define-property/-/define-property-0.2.5.tgz. Extracting by manifest.
1145 silly tarball no local data for urix@https://registry.npmjs.org/urix/-/urix-0.1.0.tgz. Extracting by manifest.
1146 silly tarball no local data for source-map-url@https://registry.npmjs.org/source-map-url/-/source-map-url-0.4.1.tgz. Extracting by manifest.
1147 silly tarball no local data for resolve-url@https://registry.npmjs.org/resolve-url/-/resolve-url-0.2.1.tgz. Extracting by manifest.
1148 silly tarball no local data for decode-uri-component@https://registry.npmjs.org/decode-uri-component/-/decode-uri-component-0.2.2.tgz. Extracting by manifest.
1149 silly tarball no local data for snapdragon-util@https://registry.npmjs.org/snapdragon-util/-/snapdragon-util-3.0.1.tgz. Extracting by manifest.
1150 silly tarball no local data for is-plain-object@https://registry.npmjs.org/is-plain-object/-/is-plain-object-2.0.4.tgz. Extracting by manifest.
1151 silly tarball no local data for for-in@https://registry.npmjs.org/for-in/-/for-in-1.0.2.tgz. Extracting by manifest.
1152 silly tarball no local data for atob@https://registry.npmjs.org/atob/-/atob-2.1.2.tgz. Extracting by manifest.
1153 silly tarball no local data for has-values@https://registry.npmjs.org/has-values/-/has-values-1.0.0.tgz. Extracting by manifest.
1154 silly tarball no local data for kind-of@https://registry.npmjs.org/kind-of/-/kind-of-4.0.0.tgz. Extracting by manifest.
1155 silly tarball no local data for object-visit@https://registry.npmjs.org/object-visit/-/object-visit-1.0.1.tgz. Extracting by manifest.
1156 silly tarball no local data for map-visit@https://registry.npmjs.org/map-visit/-/map-visit-1.0.0.tgz. Extracting by manifest.
1157 silly tarball no local data for static-extend@https://registry.npmjs.org/static-extend/-/static-extend-0.1.2.tgz. Extracting by manifest.
1158 silly tarball no local data for arr-union@https://registry.npmjs.org/arr-union/-/arr-union-3.1.0.tgz. Extracting by manifest.
1159 silly tarball no local data for unset-value@https://registry.npmjs.org/unset-value/-/unset-value-1.0.0.tgz. Extracting by manifest.
1160 silly tarball no local data for is-descriptor@https://registry.npmjs.org/is-descriptor/-/is-descriptor-0.1.8.tgz. Extracting by manifest.
1161 silly tarball no local data for has-values@https://registry.npmjs.org/has-values/-/has-values-0.1.4.tgz. Extracting by manifest.
1162 silly tarball no local data for has-value@https://registry.npmjs.org/has-value/-/has-value-0.3.1.tgz. Extracting by manifest.
1163 silly tarball no local data for isobject@https://registry.npmjs.org/isobject/-/isobject-2.1.0.tgz. Extracting by manifest.
1164 silly tarball no local data for union-value@https://registry.npmjs.org/union-value/-/union-value-1.0.1.tgz. Extracting by manifest.
1165 silly tarball no local data for to-object-path@https://registry.npmjs.org/to-object-path/-/to-object-path-0.3.0.tgz. Extracting by manifest.
1166 silly tarball no local data for define-property@https://registry.npmjs.org/define-property/-/define-property-0.2.5.tgz. Extracting by manifest.
1167 silly tarball no local data for has-value@https://registry.npmjs.org/has-value/-/has-value-1.0.0.tgz. Extracting by manifest.
1168 silly tarball no local data for set-value@https://registry.npmjs.org/set-value/-/set-value-2.0.1.tgz. Extracting by manifest.
1169 silly tarball no local data for get-value@https://registry.npmjs.org/get-value/-/get-value-2.0.6.tgz. Extracting by manifest.
1170 silly tarball no local data for collection-visit@https://registry.npmjs.org/collection-visit/-/collection-visit-1.0.0.tgz. Extracting by manifest.
1171 silly tarball no local data for pascalcase@https://registry.npmjs.org/pascalcase/-/pascalcase-0.1.1.tgz. Extracting by manifest.
1172 silly tarball no local data for mixin-deep@https://registry.npmjs.org/mixin-deep/-/mixin-deep-1.3.2.tgz. Extracting by manifest.
1173 silly tarball no local data for component-emitter@https://registry.npmjs.org/component-emitter/-/component-emitter-1.3.1.tgz. Extracting by manifest.
1174 silly tarball no local data for is-extendable@https://registry.npmjs.org/is-extendable/-/is-extendable-1.0.1.tgz. Extracting by manifest.
1175 silly tarball no local data for class-utils@https://registry.npmjs.org/class-utils/-/class-utils-0.3.6.tgz. Extracting by manifest.
1176 silly tarball no local data for is-descriptor@https://registry.npmjs.org/is-descriptor/-/is-descriptor-0.1.8.tgz. Extracting by manifest.
1177 silly tarball no local data for define-property@https://registry.npmjs.org/define-property/-/define-property-0.2.5.tgz. Extracting by manifest.
1178 silly tarball no local data for base@https://registry.npmjs.org/base/-/base-0.11.2.tgz. Extracting by manifest.
1179 silly tarball no local data for define-property@https://registry.npmjs.org/define-property/-/define-property-1.0.0.tgz. Extracting by manifest.
1180 silly tarball no local data for negotiator@https://registry.npmjs.org/negotiator/-/negotiator-0.6.3.tgz. Extracting by manifest.
1181 silly tarball no local data for batch@https://registry.npmjs.org/batch/-/batch-0.6.1.tgz. Extracting by manifest.
1182 silly tarball no local data for accepts@https://registry.npmjs.org/accepts/-/accepts-1.3.8.tgz. Extracting by manifest.
1183 silly tarball no local data for mime-db@https://registry.npmjs.org/mime-db/-/mime-db-1.52.0.tgz. Extracting by manifest.
1184 silly tarball no local data for source-map-resolve@https://registry.npmjs.org/source-map-resolve/-/source-map-resolve-0.5.3.tgz. Extracting by manifest.
1185 silly tarball no local data for mime-types@https://registry.npmjs.org/mime-types/-/mime-types-2.1.35.tgz. Extracting by manifest.
1186 silly tarball no local data for mime-db@https://registry.npmjs.org/mime-db/-/mime-db-1.54.0.tgz. Extracting by manifest.
1187 silly tarball no local data for toidentifier@https://registry.npmjs.org/toidentifier/-/toidentifier-1.0.1.tgz. Extracting by manifest.
1188 silly tarball no local data for cache-base@https://registry.npmjs.org/cache-base/-/cache-base-1.0.1.tgz. Extracting by manifest.
1189 silly tarball no local data for use@https://registry.npmjs.org/use/-/use-3.1.1.tgz. Extracting by manifest.
1190 silly tarball no local data for setprototypeof@https://registry.npmjs.org/setprototypeof/-/setprototypeof-1.2.0.tgz. Extracting by manifest.
1191 silly tarball no local data for mime-types@https://registry.npmjs.org/mime-types/-/mime-types-3.0.2.tgz. Extracting by manifest.
1192 silly tarball no local data for range-parser@https://registry.npmjs.org/range-parser/-/range-parser-1.3.0.tgz. Extracting by manifest.
1193 silly tarball no local data for etag@https://registry.npmjs.org/etag/-/etag-1.8.1.tgz. Extracting by manifest.
1194 silly tarball no local data for statuses@https://registry.npmjs.org/statuses/-/statuses-2.0.2.tgz. Extracting by manifest.
1195 silly tarball no local data for fresh@https://registry.npmjs.org/fresh/-/fresh-2.0.0.tgz. Extracting by manifest.
1196 silly tarball no local data for ret@https://registry.npmjs.org/ret/-/ret-0.1.15.tgz. Extracting by manifest.
1197 silly tarball no local data for safe-regex@https://registry.npmjs.org/safe-regex/-/safe-regex-1.1.0.tgz. Extracting by manifest.
1198 silly tarball no local data for string_decoder@https://registry.npmjs.org/string_decoder/-/string_decoder-1.1.1.tgz. Extracting by manifest.
1199 silly tarball no local data for source-map@https://registry.npmjs.org/source-map/-/source-map-0.5.7.tgz. Extracting by manifest.
1200 silly tarball no local data for process-nextick-args@https://registry.npmjs.org/process-nextick-args/-/process-nextick-args-2.0.1.tgz. Extracting by manifest.
1201 silly tarball no local data for isarray@https://registry.npmjs.org/isarray/-/isarray-1.0.0.tgz. Extracting by manifest.
1202 silly tarball no local data for readable-stream@https://registry.npmjs.org/readable-stream/-/readable-stream-2.3.8.tgz. Extracting by manifest.
1203 silly tarball no local data for graceful-fs@https://registry.npmjs.org/graceful-fs/-/graceful-fs-4.2.11.tgz. Extracting by manifest.
1204 silly tarball no local data for core-util-is@https://registry.npmjs.org/core-util-is/-/core-util-is-1.0.3.tgz. Extracting by manifest.
1205 silly tarball no local data for is-wsl@https://registry.npmjs.org/is-wsl/-/is-wsl-1.1.0.tgz. Extracting by manifest.
1206 silly tarball no local data for ee-first@https://registry.npmjs.org/ee-first/-/ee-first-1.1.1.tgz. Extracting by manifest.
1207 silly tarball no local data for is-windows@https://registry.npmjs.org/is-windows/-/is-windows-1.0.2.tgz. Extracting by manifest.
1208 silly tarball no local data for safe-buffer@https://registry.npmjs.org/safe-buffer/-/safe-buffer-5.1.2.tgz. Extracting by manifest.
1209 silly tarball no local data for on-headers@https://registry.npmjs.org/on-headers/-/on-headers-1.1.0.tgz. Extracting by manifest.
1210 silly tarball no local data for depd@https://registry.npmjs.org/depd/-/depd-2.0.0.tgz. Extracting by manifest.
1211 silly tarball no local data for basic-auth@https://registry.npmjs.org/basic-auth/-/basic-auth-2.0.1.tgz. Extracting by manifest.
1212 silly tarball no local data for function-bind@https://registry.npmjs.org/function-bind/-/function-bind-1.1.2.tgz. Extracting by manifest.
1213 silly tarball no local data for hasown@https://registry.npmjs.org/hasown/-/hasown-2.0.4.tgz. Extracting by manifest.
1214 silly tarball no local data for is-data-descriptor@https://registry.npmjs.org/is-data-descriptor/-/is-data-descriptor-1.0.1.tgz. Extracting by manifest.
1215 silly tarball no local data for is-accessor-descriptor@https://registry.npmjs.org/is-accessor-descriptor/-/is-accessor-descriptor-1.0.2.tgz. Extracting by manifest.
1216 silly tarball no local data for map-cache@https://registry.npmjs.org/map-cache/-/map-cache-0.2.2.tgz. Extracting by manifest.
1217 silly tarball no local data for posix-character-classes@https://registry.npmjs.org/posix-character-classes/-/posix-character-classes-0.1.1.tgz. Extracting by manifest.
1218 silly tarball no local data for util-deprecate@https://registry.npmjs.org/util-deprecate/-/util-deprecate-1.0.2.tgz. Extracting by manifest.
1219 silly tarball no local data for expand-brackets@https://registry.npmjs.org/expand-brackets/-/expand-brackets-2.1.4.tgz. Extracting by manifest.
1220 silly tarball no local data for is-descriptor@https://registry.npmjs.org/is-descriptor/-/is-descriptor-0.1.8.tgz. Extracting by manifest.
1221 silly tarball no local data for is-descriptor@https://registry.npmjs.org/is-descriptor/-/is-descriptor-1.0.4.tgz. Extracting by manifest.
1222 silly tarball no local data for define-property@https://registry.npmjs.org/define-property/-/define-property-0.2.5.tgz. Extracting by manifest.
1223 silly tarball no local data for regex-not@https://registry.npmjs.org/regex-not/-/regex-not-1.0.2.tgz. Extracting by manifest.
1224 silly tarball no local data for is-extendable@https://registry.npmjs.org/is-extendable/-/is-extendable-1.0.1.tgz. Extracting by manifest.
1225 silly tarball no local data for extend-shallow@https://registry.npmjs.org/extend-shallow/-/extend-shallow-3.0.2.tgz. Extracting by manifest.
1226 silly tarball no local data for object.pick@https://registry.npmjs.org/object.pick/-/object.pick-1.3.0.tgz. Extracting by manifest.
1227 silly tarball no local data for nanomatch@https://registry.npmjs.org/nanomatch/-/nanomatch-1.2.13.tgz. Extracting by manifest.
1228 silly tarball no local data for is-extendable@https://registry.npmjs.org/is-extendable/-/is-extendable-1.0.1.tgz. Extracting by manifest.
1229 silly tarball no local data for kind-of@https://registry.npmjs.org/kind-of/-/kind-of-6.0.3.tgz. Extracting by manifest.
1230 silly tarball no local data for extend-shallow@https://registry.npmjs.org/extend-shallow/-/extend-shallow-3.0.2.tgz. Extracting by manifest.
1231 silly tarball no local data for fragment-cache@https://registry.npmjs.org/fragment-cache/-/fragment-cache-0.2.1.tgz. Extracting by manifest.
1232 silly tarball no local data for extglob@https://registry.npmjs.org/extglob/-/extglob-2.0.4.tgz. Extracting by manifest.
1233 silly tarball no local data for define-property@https://registry.npmjs.org/define-property/-/define-property-2.0.2.tgz. Extracting by manifest.
1234 silly tarball no local data for define-property@https://registry.npmjs.org/define-property/-/define-property-1.0.0.tgz. Extracting by manifest.
1235 silly tarball no local data for arr-diff@https://registry.npmjs.org/arr-diff/-/arr-diff-4.0.0.tgz. Extracting by manifest.
1236 silly tarball no local data for is-buffer@https://registry.npmjs.org/is-buffer/-/is-buffer-1.1.6.tgz. Extracting by manifest.
1237 silly tarball no local data for kind-of@https://registry.npmjs.org/kind-of/-/kind-of-3.2.2.tgz. Extracting by manifest.
1238 silly tarball no local data for is-extglob@https://registry.npmjs.org/is-extglob/-/is-extglob-2.1.1.tgz. Extracting by manifest.
1239 silly tarball no local data for binary-extensions@https://registry.npmjs.org/binary-extensions/-/binary-extensions-1.13.1.tgz. Extracting by manifest.
1240 silly tarball no local data for unix-crypt-td-js@https://registry.npmjs.org/unix-crypt-td-js/-/unix-crypt-td-js-1.1.4.tgz. Extracting by manifest.
1241 silly tarball no local data for uuid@https://registry.npmjs.org/uuid/-/uuid-3.4.0.tgz. Extracting by manifest.
1242 silly tarball no local data for bcryptjs@https://registry.npmjs.org/bcryptjs/-/bcryptjs-2.4.3.tgz. Extracting by manifest.
1243 silly tarball no local data for apache-md5@https://registry.npmjs.org/apache-md5/-/apache-md5-1.1.8.tgz. Extracting by manifest.
1244 silly tarball no local data for path-dirname@https://registry.npmjs.org/path-dirname/-/path-dirname-1.0.2.tgz. Extracting by manifest.
1245 silly tarball no local data for unpipe@https://registry.npmjs.org/unpipe/-/unpipe-1.0.0.tgz. Extracting by manifest.
1246 silly tarball no local data for statuses@https://registry.npmjs.org/statuses/-/statuses-1.5.0.tgz. Extracting by manifest.
1247 silly tarball no local data for apache-crypt@https://registry.npmjs.org/apache-crypt/-/apache-crypt-1.2.6.tgz. Extracting by manifest.
1248 silly tarball no local data for on-finished@https://registry.npmjs.org/on-finished/-/on-finished-2.3.0.tgz. Extracting by manifest.
1249 silly tarball no local data for escape-html@https://registry.npmjs.org/escape-html/-/escape-html-1.0.3.tgz. Extracting by manifest.
1250 silly tarball no local data for encodeurl@https://registry.npmjs.org/encodeurl/-/encodeurl-1.0.2.tgz. Extracting by manifest.
1251 silly tarball no local data for to-regex-range@https://registry.npmjs.org/to-regex-range/-/to-regex-range-2.1.1.tgz. Extracting by manifest.
1252 silly tarball no local data for repeat-string@https://registry.npmjs.org/repeat-string/-/repeat-string-1.6.1.tgz. Extracting by manifest.
1253 silly tarball no local data for is-number@https://registry.npmjs.org/is-number/-/is-number-3.0.0.tgz. Extracting by manifest.
1254 silly tarball no local data for websocket-driver@https://registry.npmjs.org/websocket-driver/-/websocket-driver-0.7.5.tgz. Extracting by manifest.
1255 silly tarball no local data for is-extendable@https://registry.npmjs.org/is-extendable/-/is-extendable-0.1.1.tgz. Extracting by manifest.
1256 silly tarball no local data for through@https://registry.npmjs.org/through/-/through-2.3.8.tgz. Extracting by manifest.
1257 silly tarball no local data for stream-combiner@https://registry.npmjs.org/stream-combiner/-/stream-combiner-0.0.4.tgz. Extracting by manifest.
1258 silly tarball no local data for split@https://registry.npmjs.org/split/-/split-0.3.3.tgz. Extracting by manifest.
1259 silly tarball no local data for pause-stream@https://registry.npmjs.org/pause-stream/-/pause-stream-0.0.11.tgz. Extracting by manifest.
1260 silly tarball no local data for map-stream@https://registry.npmjs.org/map-stream/-/map-stream-0.1.0.tgz. Extracting by manifest.
1261 silly tarball no local data for from@https://registry.npmjs.org/from/-/from-0.1.7.tgz. Extracting by manifest.
1262 silly tarball no local data for duplexer@https://registry.npmjs.org/duplexer/-/duplexer-0.1.2.tgz. Extracting by manifest.
1263 silly tarball no local data for ms@https://registry.npmjs.org/ms/-/ms-2.0.0.tgz. Extracting by manifest.
1264 silly tarball no local data for utils-merge@https://registry.npmjs.org/utils-merge/-/utils-merge-1.0.1.tgz. Extracting by manifest.
1265 silly tarball no local data for vary@https://registry.npmjs.org/vary/-/vary-1.1.2.tgz. Extracting by manifest.
1266 silly tarball no local data for parseurl@https://registry.npmjs.org/parseurl/-/parseurl-1.3.3.tgz. Extracting by manifest.
1267 silly tarball no local data for finalhandler@https://registry.npmjs.org/finalhandler/-/finalhandler-1.1.2.tgz. Extracting by manifest.
1268 silly tarball no local data for to-regex@https://registry.npmjs.org/to-regex/-/to-regex-3.0.2.tgz. Extracting by manifest.
1269 silly tarball no local data for is-extendable@https://registry.npmjs.org/is-extendable/-/is-extendable-1.0.1.tgz. Extracting by manifest.
1270 silly tarball no local data for extend-shallow@https://registry.npmjs.org/extend-shallow/-/extend-shallow-3.0.2.tgz. Extracting by manifest.
1271 silly tarball no local data for split-string@https://registry.npmjs.org/split-string/-/split-string-3.1.0.tgz. Extracting by manifest.
1272 silly tarball no local data for is-extendable@https://registry.npmjs.org/is-extendable/-/is-extendable-1.0.1.tgz. Extracting by manifest.
1273 silly tarball no local data for extend-shallow@https://registry.npmjs.org/extend-shallow/-/extend-shallow-3.0.2.tgz. Extracting by manifest.
1274 silly tarball no local data for snapdragon-node@https://registry.npmjs.org/snapdragon-node/-/snapdragon-node-2.1.1.tgz. Extracting by manifest.
1275 silly tarball no local data for define-property@https://registry.npmjs.org/define-property/-/define-property-1.0.0.tgz. Extracting by manifest.
1276 silly tarball no local data for debug@https://registry.npmjs.org/debug/-/debug-2.6.9.tgz. Extracting by manifest.
1277 silly tarball no local data for snapdragon@https://registry.npmjs.org/snapdragon/-/snapdragon-0.8.2.tgz. Extracting by manifest.
1278 silly tarball no local data for is-descriptor@https://registry.npmjs.org/is-descriptor/-/is-descriptor-0.1.8.tgz. Extracting by manifest.
1279 silly tarball no local data for repeat-element@https://registry.npmjs.org/repeat-element/-/repeat-element-1.1.4.tgz. Extracting by manifest.
1280 silly tarball no local data for define-property@https://registry.npmjs.org/define-property/-/define-property-0.2.5.tgz. Extracting by manifest.
1281 silly tarball no local data for isobject@https://registry.npmjs.org/isobject/-/isobject-3.0.1.tgz. Extracting by manifest.
1282 silly tarball no local data for fill-range@https://registry.npmjs.org/fill-range/-/fill-range-4.0.0.tgz. Extracting by manifest.
1283 silly tarball no local data for extend-shallow@https://registry.npmjs.org/extend-shallow/-/extend-shallow-2.0.1.tgz. Extracting by manifest.
1284 silly tarball no local data for array-unique@https://registry.npmjs.org/array-unique/-/array-unique-0.3.2.tgz. Extracting by manifest.
1285 silly tarball no local data for micromatch@https://registry.npmjs.org/micromatch/-/micromatch-3.1.10.tgz. Extracting by manifest.
1286 silly tarball no local data for is-extendable@https://registry.npmjs.org/is-extendable/-/is-extendable-1.0.1.tgz. Extracting by manifest.
1287 silly tarball no local data for kind-of@https://registry.npmjs.org/kind-of/-/kind-of-6.0.3.tgz. Extracting by manifest.
1288 silly tarball no local data for extend-shallow@https://registry.npmjs.org/extend-shallow/-/extend-shallow-3.0.2.tgz. Extracting by manifest.
1289 silly tarball no local data for upath@https://registry.npmjs.org/upath/-/upath-1.2.0.tgz. Extracting by manifest.
1290 silly tarball no local data for readdirp@https://registry.npmjs.org/readdirp/-/readdirp-2.2.1.tgz. Extracting by manifest.
1291 silly tarball no local data for path-is-absolute@https://registry.npmjs.org/path-is-absolute/-/path-is-absolute-1.0.1.tgz. Extracting by manifest.
1292 silly tarball no local data for normalize-path@https://registry.npmjs.org/normalize-path/-/normalize-path-3.0.0.tgz. Extracting by manifest.
1293 silly tarball no local data for is-glob@https://registry.npmjs.org/is-glob/-/is-glob-4.0.3.tgz. Extracting by manifest.
1294 silly tarball no local data for is-binary-path@https://registry.npmjs.org/is-binary-path/-/is-binary-path-1.0.1.tgz. Extracting by manifest.
1295 silly tarball no local data for inherits@https://registry.npmjs.org/inherits/-/inherits-2.0.4.tgz. Extracting by manifest.
1296 silly tarball no local data for is-glob@https://registry.npmjs.org/is-glob/-/is-glob-3.1.0.tgz. Extracting by manifest.
1297 silly tarball no local data for braces@https://registry.npmjs.org/braces/-/braces-2.3.2.tgz. Extracting by manifest.
1298 silly tarball no local data for async-each@https://registry.npmjs.org/async-each/-/async-each-1.0.6.tgz. Extracting by manifest.
1299 silly tarball no local data for arr-flatten@https://registry.npmjs.org/arr-flatten/-/arr-flatten-1.1.0.tgz. Extracting by manifest.
1300 silly tarball no local data for glob-parent@https://registry.npmjs.org/glob-parent/-/glob-parent-3.1.0.tgz. Extracting by manifest.
1301 silly tarball no local data for anymatch@https://registry.npmjs.org/anymatch/-/anymatch-2.0.0.tgz. Extracting by manifest.
1302 silly tarball no local data for serve-index@https://registry.npmjs.org/serve-index/-/serve-index-1.9.2.tgz. Extracting by manifest.
1303 silly tarball no local data for normalize-path@https://registry.npmjs.org/normalize-path/-/normalize-path-2.1.1.tgz. Extracting by manifest.
1304 silly tarball no local data for mime-db@https://registry.npmjs.org/mime-db/-/mime-db-1.52.0.tgz. Extracting by manifest.
1305 silly tarball no local data for depd@https://registry.npmjs.org/depd/-/depd-1.1.2.tgz. Extracting by manifest.
1306 silly tarball no local data for mime-types@https://registry.npmjs.org/mime-types/-/mime-types-2.1.35.tgz. Extracting by manifest.
1307 silly tarball no local data for http-errors@https://registry.npmjs.org/http-errors/-/http-errors-1.8.1.tgz. Extracting by manifest.
1308 silly tarball no local data for send@https://registry.npmjs.org/send/-/send-1.2.1.tgz. Extracting by manifest.
1309 silly tarball no local data for statuses@https://registry.npmjs.org/statuses/-/statuses-2.0.2.tgz. Extracting by manifest.
1310 silly tarball no local data for on-finished@https://registry.npmjs.org/on-finished/-/on-finished-2.4.1.tgz. Extracting by manifest.
1311 silly tarball no local data for ms@https://registry.npmjs.org/ms/-/ms-2.1.3.tgz. Extracting by manifest.
1312 silly tarball no local data for encodeurl@https://registry.npmjs.org/encodeurl/-/encodeurl-2.0.0.tgz. Extracting by manifest.
1313 silly tarball no local data for debug@https://registry.npmjs.org/debug/-/debug-4.4.3.tgz. Extracting by manifest.
1314 silly tarball no local data for proxy-middleware@https://registry.npmjs.org/proxy-middleware/-/proxy-middleware-0.15.0.tgz. Extracting by manifest.
1315 silly tarball no local data for opn@https://registry.npmjs.org/opn/-/opn-6.0.0.tgz. Extracting by manifest.
1316 silly tarball no local data for object-assign@https://registry.npmjs.org/object-assign/-/object-assign-4.1.1.tgz. Extracting by manifest.
1317 silly tarball no local data for morgan@https://registry.npmjs.org/morgan/-/morgan-1.11.0.tgz. Extracting by manifest.
1318 silly tarball no local data for on-finished@https://registry.npmjs.org/on-finished/-/on-finished-2.4.1.tgz. Extracting by manifest.
1319 silly tarball no local data for http-auth@https://registry.npmjs.org/http-auth/-/http-auth-3.1.3.tgz. Extracting by manifest.
1320 silly tarball no local data for faye-websocket@https://registry.npmjs.org/faye-websocket/-/faye-websocket-0.11.4.tgz. Extracting by manifest.
1321 silly tarball no local data for event-stream@https://registry.npmjs.org/event-stream/-/event-stream-3.3.4.tgz. Extracting by manifest.
1322 silly tarball no local data for cors@https://registry.npmjs.org/cors/-/cors-2.8.6.tgz. Extracting by manifest.
1323 silly tarball no local data for connect@https://registry.npmjs.org/connect/-/connect-3.7.0.tgz. Extracting by manifest.
1324 silly tarball no local data for colors@https://registry.npmjs.org/colors/-/colors-1.4.0.tgz. Extracting by manifest.
1325 silly tarball no local data for chokidar@https://registry.npmjs.org/chokidar/-/chokidar-2.1.8.tgz. Extracting by manifest.
1326 silly tarball no local data for http-errors@https://registry.npmjs.org/http-errors/-/http-errors-2.0.1.tgz. Extracting by manifest.
1327 http fetch GET 200 https://registry.npmjs.org/assign-symbols/-/assign-symbols-1.0.0.tgz 1867ms (cache miss)
1328 http fetch GET 200 https://registry.npmjs.org/http-parser-js/-/http-parser-js-0.5.10.tgz 1892ms (cache miss)
1329 http fetch GET 200 https://registry.npmjs.org/is-descriptor/-/is-descriptor-0.1.8.tgz 1905ms (cache miss)
1330 http fetch GET 200 https://registry.npmjs.org/remove-trailing-separator/-/remove-trailing-separator-1.1.0.tgz 1930ms (cache miss)
1331 http fetch GET 200 https://registry.npmjs.org/object-copy/-/object-copy-0.1.0.tgz 1916ms (cache miss)
1332 http fetch GET 200 https://registry.npmjs.org/copy-descriptor/-/copy-descriptor-0.1.1.tgz 1927ms (cache miss)
1333 http fetch GET 200 https://registry.npmjs.org/atob/-/atob-2.1.2.tgz 1974ms (cache miss)
1334 http fetch GET 200 https://registry.npmjs.org/object-visit/-/object-visit-1.0.1.tgz 1982ms (cache miss)
1335 http fetch GET 200 https://registry.npmjs.org/kind-of/-/kind-of-4.0.0.tgz 2006ms (cache miss)
1336 http fetch GET 200 https://registry.npmjs.org/map-visit/-/map-visit-1.0.0.tgz 2060ms (cache miss)
1337 http fetch GET 200 https://registry.npmjs.org/unset-value/-/unset-value-1.0.0.tgz 2096ms (cache miss)
1338 http fetch GET 200 https://registry.npmjs.org/arr-union/-/arr-union-3.1.0.tgz 2160ms (cache miss)
1339 http fetch GET 200 https://registry.npmjs.org/websocket-extensions/-/websocket-extensions-0.1.4.tgz 2381ms (cache miss)
1340 http fetch GET 200 https://registry.npmjs.org/is-descriptor/-/is-descriptor-0.1.8.tgz 2318ms (cache miss)
1341 http fetch GET 200 https://registry.npmjs.org/has-value/-/has-value-0.3.1.tgz 2331ms (cache miss)
1342 http fetch GET 200 https://registry.npmjs.org/has-values/-/has-values-0.1.4.tgz 2362ms (cache miss)
1343 http fetch GET 200 https://registry.npmjs.org/union-value/-/union-value-1.0.1.tgz 2392ms (cache miss)
1344 http fetch GET 200 https://registry.npmjs.org/static-extend/-/static-extend-0.1.2.tgz 2476ms (cache miss)
1345 http fetch GET 200 https://registry.npmjs.org/isobject/-/isobject-2.1.0.tgz 2493ms (cache miss)
1346 http fetch GET 200 https://registry.npmjs.org/define-property/-/define-property-0.2.5.tgz 2485ms (cache miss)
1347 http fetch GET 200 https://registry.npmjs.org/to-object-path/-/to-object-path-0.3.0.tgz 2566ms (cache miss)
1348 http fetch GET 200 https://registry.npmjs.org/for-in/-/for-in-1.0.2.tgz 2660ms (cache miss)
1349 http fetch GET 200 https://registry.npmjs.org/has-value/-/has-value-1.0.0.tgz 2642ms (cache miss)
1350 http fetch GET 200 https://registry.npmjs.org/has-values/-/has-values-1.0.0.tgz 2702ms (cache miss)
1351 http fetch GET 200 https://registry.npmjs.org/set-value/-/set-value-2.0.1.tgz 3209ms (cache miss)
1352 http fetch GET 200 https://registry.npmjs.org/collection-visit/-/collection-visit-1.0.0.tgz 3393ms (cache miss)
1353 http fetch GET 200 https://registry.npmjs.org/define-property/-/define-property-0.2.5.tgz 3500ms (cache miss)
1354 http fetch GET 200 https://registry.npmjs.org/is-extendable/-/is-extendable-1.0.1.tgz 3382ms (cache miss)
1355 http fetch GET 200 https://registry.npmjs.org/mixin-deep/-/mixin-deep-1.3.2.tgz 3466ms (cache miss)
1356 http fetch GET 200 https://registry.npmjs.org/get-value/-/get-value-2.0.6.tgz 3481ms (cache miss)
1357 http fetch GET 200 https://registry.npmjs.org/urix/-/urix-0.1.0.tgz 3582ms (cache miss)
1358 warn deprecated urix@0.1.0: Please see https://github.com/lydell/urix#deprecated
1359 http fetch GET 200 https://registry.npmjs.org/resolve-url/-/resolve-url-0.2.1.tgz 3718ms (cache miss)
1360 warn deprecated resolve-url@0.2.1: https://github.com/lydell/resolve-url#deprecated
1361 http fetch GET 200 https://registry.npmjs.org/pascalcase/-/pascalcase-0.1.1.tgz 3627ms (cache miss)
1362 http fetch GET 200 https://registry.npmjs.org/component-emitter/-/component-emitter-1.3.1.tgz 3622ms (cache miss)
1363 http fetch GET 200 https://registry.npmjs.org/class-utils/-/class-utils-0.3.6.tgz 3617ms (cache miss)
1364 http fetch GET 200 https://registry.npmjs.org/define-property/-/define-property-0.2.5.tgz 3796ms (cache miss)
1365 http fetch GET 200 https://registry.npmjs.org/decode-uri-component/-/decode-uri-component-0.2.2.tgz 3916ms (cache miss)
1366 http fetch GET 200 https://registry.npmjs.org/is-descriptor/-/is-descriptor-0.1.8.tgz 3806ms (cache miss)
1367 http fetch GET 200 https://registry.npmjs.org/source-map-url/-/source-map-url-0.4.1.tgz 4044ms (cache miss)
1368 warn deprecated source-map-url@0.4.1: See https://github.com/lydell/source-map-url#deprecated
1369 http fetch GET 200 https://registry.npmjs.org/mime-types/-/mime-types-2.1.35.tgz 3890ms (cache miss)
1370 http fetch GET 200 https://registry.npmjs.org/cache-base/-/cache-base-1.0.1.tgz 3998ms (cache miss)
1371 http fetch GET 200 https://registry.npmjs.org/base/-/base-0.11.2.tgz 4151ms (cache miss)
1372 http fetch GET 200 https://registry.npmjs.org/source-map-resolve/-/source-map-resolve-0.5.3.tgz 4127ms (cache miss)
1373 http fetch GET 200 https://registry.npmjs.org/define-property/-/define-property-1.0.0.tgz 4152ms (cache miss)
1374 http fetch GET 200 https://registry.npmjs.org/batch/-/batch-0.6.1.tgz 4266ms (cache miss)
1375 http fetch GET 200 https://registry.npmjs.org/toidentifier/-/toidentifier-1.0.1.tgz 4245ms (cache miss)
1376 http fetch GET 200 https://registry.npmjs.org/accepts/-/accepts-1.3.8.tgz 4395ms (cache miss)
1377 http fetch GET 200 https://registry.npmjs.org/setprototypeof/-/setprototypeof-1.2.0.tgz 4371ms (cache miss)
1378 http fetch GET 200 https://registry.npmjs.org/fresh/-/fresh-2.0.0.tgz 4357ms (cache miss)
1379 http fetch GET 200 https://registry.npmjs.org/mime-types/-/mime-types-3.0.2.tgz 4378ms (cache miss)
1380 warn deprecated source-map-resolve@0.5.3: See https://github.com/lydell/source-map-resolve#deprecated
1381 http fetch GET 200 https://registry.npmjs.org/mime-db/-/mime-db-1.54.0.tgz 4500ms (cache miss)
1382 http fetch GET 200 https://registry.npmjs.org/range-parser/-/range-parser-1.3.0.tgz 4479ms (cache miss)
1383 http fetch GET 200 https://registry.npmjs.org/negotiator/-/negotiator-0.6.3.tgz 4655ms (cache miss)
1384 http fetch GET 200 https://registry.npmjs.org/ret/-/ret-0.1.15.tgz 4595ms (cache miss)
1385 http fetch GET 200 https://registry.npmjs.org/is-plain-object/-/is-plain-object-2.0.4.tgz 4888ms (cache miss)
1386 http fetch GET 200 https://registry.npmjs.org/process-nextick-args/-/process-nextick-args-2.0.1.tgz 4687ms (cache miss)
1387 http fetch GET 200 https://registry.npmjs.org/isarray/-/isarray-1.0.0.tgz 4793ms (cache miss)
1388 http fetch GET 200 https://registry.npmjs.org/is-wsl/-/is-wsl-1.1.0.tgz 4779ms (cache miss)
1389 http fetch GET 200 https://registry.npmjs.org/depd/-/depd-2.0.0.tgz 4763ms (cache miss)
1390 http fetch GET 200 https://registry.npmjs.org/use/-/use-3.1.1.tgz 4973ms (cache miss)
1391 http fetch GET 200 https://registry.npmjs.org/is-data-descriptor/-/is-data-descriptor-1.0.1.tgz 4885ms (cache miss)
1392 http fetch GET 200 https://registry.npmjs.org/is-accessor-descriptor/-/is-accessor-descriptor-1.0.2.tgz 4883ms (cache miss)
1393 http fetch GET 200 https://registry.npmjs.org/graceful-fs/-/graceful-fs-4.2.11.tgz 5051ms (cache miss)
1394 http fetch GET 200 https://registry.npmjs.org/is-windows/-/is-windows-1.0.2.tgz 5037ms (cache miss)
1395 http fetch GET 200 https://registry.npmjs.org/basic-auth/-/basic-auth-2.0.1.tgz 5027ms (cache miss)
1396 http fetch GET 200 https://registry.npmjs.org/util-deprecate/-/util-deprecate-1.0.2.tgz 5001ms (cache miss)
1397 http fetch GET 200 https://registry.npmjs.org/snapdragon-util/-/snapdragon-util-3.0.1.tgz 5370ms (cache miss)
1398 http fetch GET 200 https://registry.npmjs.org/etag/-/etag-1.8.1.tgz 5191ms (cache miss)
1399 http fetch GET 200 https://registry.npmjs.org/ee-first/-/ee-first-1.1.1.tgz 5143ms (cache miss)
1400 http fetch GET 200 https://registry.npmjs.org/on-headers/-/on-headers-1.1.0.tgz 5137ms (cache miss)
1401 http fetch GET 200 https://registry.npmjs.org/is-descriptor/-/is-descriptor-1.0.4.tgz 5093ms (cache miss)
1402 http fetch GET 200 https://registry.npmjs.org/is-extendable/-/is-extendable-1.0.1.tgz 5084ms (cache miss)
1403 http fetch GET 200 https://registry.npmjs.org/object.pick/-/object.pick-1.3.0.tgz 5081ms (cache miss)
1404 http fetch GET 200 https://registry.npmjs.org/statuses/-/statuses-2.0.2.tgz 5345ms (cache miss)
1405 http fetch GET 200 https://registry.npmjs.org/safe-regex/-/safe-regex-1.1.0.tgz 5336ms (cache miss)
1406 http fetch GET 200 https://registry.npmjs.org/core-util-is/-/core-util-is-1.0.3.tgz 5313ms (cache miss)
1407 http fetch GET 200 https://registry.npmjs.org/is-descriptor/-/is-descriptor-0.1.8.tgz 5257ms (cache miss)
1408 http fetch GET 200 https://registry.npmjs.org/string_decoder/-/string_decoder-1.1.1.tgz 5452ms (cache miss)
1409 http fetch GET 200 https://registry.npmjs.org/map-cache/-/map-cache-0.2.2.tgz 5384ms (cache miss)
1410 http fetch GET 200 https://registry.npmjs.org/define-property/-/define-property-0.2.5.tgz 5366ms (cache miss)
1411 http fetch GET 200 https://registry.npmjs.org/define-property/-/define-property-1.0.0.tgz 5322ms (cache miss)
1412 http fetch GET 200 https://registry.npmjs.org/posix-character-classes/-/posix-character-classes-0.1.1.tgz 5495ms (cache miss)
1413 http fetch GET 200 https://registry.npmjs.org/is-extendable/-/is-extendable-1.0.1.tgz 5459ms (cache miss)
1414 http fetch GET 200 https://registry.npmjs.org/extend-shallow/-/extend-shallow-3.0.2.tgz 5453ms (cache miss)
1415 http fetch GET 200 https://registry.npmjs.org/regex-not/-/regex-not-1.0.2.tgz 5486ms (cache miss)
1416 http fetch GET 200 https://registry.npmjs.org/arr-diff/-/arr-diff-4.0.0.tgz 5442ms (cache miss)
1417 http fetch GET 200 https://registry.npmjs.org/binary-extensions/-/binary-extensions-1.13.1.tgz 5428ms (cache miss)
1418 http fetch GET 200 https://registry.npmjs.org/hasown/-/hasown-2.0.4.tgz 5619ms (cache miss)
1419 http fetch GET 200 https://registry.npmjs.org/fragment-cache/-/fragment-cache-0.2.1.tgz 5551ms (cache miss)
1420 http fetch GET 200 https://registry.npmjs.org/define-property/-/define-property-2.0.2.tgz 5547ms (cache miss)
1421 http fetch GET 200 https://registry.npmjs.org/path-dirname/-/path-dirname-1.0.2.tgz 5509ms (cache miss)
1422 http fetch GET 200 https://registry.npmjs.org/extend-shallow/-/extend-shallow-3.0.2.tgz 5664ms (cache miss)
1423 http fetch GET 200 https://registry.npmjs.org/is-extglob/-/is-extglob-2.1.1.tgz 5616ms (cache miss)
1424 http fetch GET 200 https://registry.npmjs.org/on-finished/-/on-finished-2.3.0.tgz 5580ms (cache miss)
1425 http fetch GET 200 https://registry.npmjs.org/escape-html/-/escape-html-1.0.3.tgz 5580ms (cache miss)
1426 http fetch GET 200 https://registry.npmjs.org/unpipe/-/unpipe-1.0.0.tgz 5709ms (cache miss)
1427 http fetch GET 200 https://registry.npmjs.org/uuid/-/uuid-3.4.0.tgz 5730ms (cache miss)
1428 http fetch GET 200 https://registry.npmjs.org/repeat-string/-/repeat-string-1.6.1.tgz 5689ms (cache miss)
1429 http fetch GET 200 https://registry.npmjs.org/expand-brackets/-/expand-brackets-2.1.4.tgz 5883ms (cache miss)
1430 http fetch GET 200 https://registry.npmjs.org/is-buffer/-/is-buffer-1.1.6.tgz 5820ms (cache miss)
1431 http fetch GET 200 https://registry.npmjs.org/kind-of/-/kind-of-3.2.2.tgz 5820ms (cache miss)
1432 http fetch GET 200 https://registry.npmjs.org/apache-crypt/-/apache-crypt-1.2.6.tgz 5783ms (cache miss)
1433 http fetch GET 200 https://registry.npmjs.org/to-regex-range/-/to-regex-range-2.1.1.tgz 5769ms (cache miss)
1434 http fetch GET 200 https://registry.npmjs.org/apache-md5/-/apache-md5-1.1.8.tgz 5891ms (cache miss)
1435 http fetch GET 200 https://registry.npmjs.org/pause-stream/-/pause-stream-0.0.11.tgz 5830ms (cache miss)
1436 http fetch GET 200 https://registry.npmjs.org/ms/-/ms-2.0.0.tgz 5817ms (cache miss)
1437 http fetch GET 200 https://registry.npmjs.org/statuses/-/statuses-1.5.0.tgz 5930ms (cache miss)
1438 http fetch GET 200 https://registry.npmjs.org/encodeurl/-/encodeurl-1.0.2.tgz 5916ms (cache miss)
1439 http fetch GET 200 https://registry.npmjs.org/stream-combiner/-/stream-combiner-0.0.4.tgz 5891ms (cache miss)
1440 http fetch GET 200 https://registry.npmjs.org/map-stream/-/map-stream-0.1.0.tgz 5880ms (cache miss)
1441 http fetch GET 200 https://registry.npmjs.org/through/-/through-2.3.8.tgz 5900ms (cache miss)
1442 http fetch GET 200 https://registry.npmjs.org/is-extendable/-/is-extendable-1.0.1.tgz 5849ms (cache miss)
1443 http fetch GET 200 https://registry.npmjs.org/to-regex/-/to-regex-3.0.2.tgz 5856ms (cache miss)
1444 http fetch GET 200 https://registry.npmjs.org/is-extendable/-/is-extendable-1.0.1.tgz 5843ms (cache miss)
1445 http fetch GET 200 https://registry.npmjs.org/is-extendable/-/is-extendable-0.1.1.tgz 5952ms (cache miss)
1446 http fetch GET 200 https://registry.npmjs.org/is-number/-/is-number-3.0.0.tgz 5964ms (cache miss)
1447 http fetch GET 200 https://registry.npmjs.org/define-property/-/define-property-1.0.0.tgz 5881ms (cache miss)
1448 http fetch GET 200 https://registry.npmjs.org/utils-merge/-/utils-merge-1.0.1.tgz 5968ms (cache miss)
1449 http fetch GET 200 https://registry.npmjs.org/parseurl/-/parseurl-1.3.3.tgz 5964ms (cache miss)
1450 http fetch GET 200 https://registry.npmjs.org/safe-buffer/-/safe-buffer-5.1.2.tgz 6257ms (cache miss)
1451 http fetch GET 200 https://registry.npmjs.org/mime-db/-/mime-db-1.52.0.tgz 6358ms (cache miss)
1452 http fetch GET 200 https://registry.npmjs.org/duplexer/-/duplexer-0.1.2.tgz 6048ms (cache miss)
1453 http fetch GET 200 https://registry.npmjs.org/extend-shallow/-/extend-shallow-3.0.2.tgz 6019ms (cache miss)
1454 http fetch GET 200 https://registry.npmjs.org/extend-shallow/-/extend-shallow-3.0.2.tgz 6010ms (cache miss)
1455 http fetch GET 200 https://registry.npmjs.org/extend-shallow/-/extend-shallow-3.0.2.tgz 5921ms (cache miss)
1456 http fetch GET 200 https://registry.npmjs.org/define-property/-/define-property-0.2.5.tgz 5957ms (cache miss)
1457 http fetch GET 200 https://registry.npmjs.org/repeat-element/-/repeat-element-1.1.4.tgz 5966ms (cache miss)
1458 http fetch GET 200 https://registry.npmjs.org/nanomatch/-/nanomatch-1.2.13.tgz 6248ms (cache miss)
1459 http fetch GET 200 https://registry.npmjs.org/unix-crypt-td-js/-/unix-crypt-td-js-1.1.4.tgz 6197ms (cache miss)
1460 http fetch GET 200 https://registry.npmjs.org/from/-/from-0.1.7.tgz 6116ms (cache miss)
1461 http fetch GET 200 https://registry.npmjs.org/split-string/-/split-string-3.1.0.tgz 6078ms (cache miss)
1462 http fetch GET 200 https://registry.npmjs.org/is-extendable/-/is-extendable-1.0.1.tgz 5991ms (cache miss)
1463 http fetch GET 200 https://registry.npmjs.org/snapdragon-node/-/snapdragon-node-2.1.1.tgz 6075ms (cache miss)
1464 http fetch GET 200 https://registry.npmjs.org/kind-of/-/kind-of-6.0.3.tgz 6279ms (cache miss)
1465 http fetch GET 200 https://registry.npmjs.org/finalhandler/-/finalhandler-1.1.2.tgz 6128ms (cache miss)
1466 http fetch GET 200 https://registry.npmjs.org/isobject/-/isobject-3.0.1.tgz 6043ms (cache miss)
1467 http fetch GET 200 https://registry.npmjs.org/extend-shallow/-/extend-shallow-2.0.1.tgz 6041ms (cache miss)
1468 http fetch GET 200 https://registry.npmjs.org/is-descriptor/-/is-descriptor-0.1.8.tgz 6123ms (cache miss)
1469 http fetch GET 200 https://registry.npmjs.org/upath/-/upath-1.2.0.tgz 6051ms (cache miss)
1470 http fetch GET 200 https://registry.npmjs.org/is-glob/-/is-glob-4.0.3.tgz 6039ms (cache miss)
1471 http fetch GET 200 https://registry.npmjs.org/extglob/-/extglob-2.0.4.tgz 6336ms (cache miss)
1472 http fetch GET 200 https://registry.npmjs.org/function-bind/-/function-bind-1.1.2.tgz 6419ms (cache miss)
1473 http fetch GET 200 https://registry.npmjs.org/split/-/split-0.3.3.tgz 6236ms (cache miss)
1474 http fetch GET 200 https://registry.npmjs.org/vary/-/vary-1.1.2.tgz 6209ms (cache miss)
1475 http fetch GET 200 https://registry.npmjs.org/fill-range/-/fill-range-4.0.0.tgz 6111ms (cache miss)
1476 http fetch GET 200 https://registry.npmjs.org/array-unique/-/array-unique-0.3.2.tgz 6106ms (cache miss)
1477 http fetch GET 200 https://registry.npmjs.org/readdirp/-/readdirp-2.2.1.tgz 6087ms (cache miss)
1478 http fetch GET 200 https://registry.npmjs.org/path-is-absolute/-/path-is-absolute-1.0.1.tgz 6087ms (cache miss)
1479 http fetch GET 200 https://registry.npmjs.org/normalize-path/-/normalize-path-2.1.1.tgz 6044ms (cache miss)
1480 http fetch GET 200 https://registry.npmjs.org/glob-parent/-/glob-parent-3.1.0.tgz 6059ms (cache miss)
1481 http fetch GET 200 https://registry.npmjs.org/inherits/-/inherits-2.0.4.tgz 6100ms (cache miss)
1482 http fetch GET 200 https://registry.npmjs.org/async-each/-/async-each-1.0.6.tgz 6093ms (cache miss)
1483 http fetch GET 200 https://registry.npmjs.org/normalize-path/-/normalize-path-3.0.0.tgz 6119ms (cache miss)
1484 http fetch GET 200 https://registry.npmjs.org/http-errors/-/http-errors-1.8.1.tgz 6065ms (cache miss)
1485 http fetch GET 200 https://registry.npmjs.org/kind-of/-/kind-of-6.0.3.tgz 6155ms (cache miss)
1486 http fetch GET 200 https://registry.npmjs.org/mime-types/-/mime-types-2.1.35.tgz 6092ms (cache miss)
1487 http fetch GET 200 https://registry.npmjs.org/depd/-/depd-1.1.2.tgz 6100ms (cache miss)
1488 http fetch GET 200 https://registry.npmjs.org/ms/-/ms-2.1.3.tgz 6082ms (cache miss)
1489 http fetch GET 200 https://registry.npmjs.org/encodeurl/-/encodeurl-2.0.0.tgz 6082ms (cache miss)
1490 http fetch GET 200 https://registry.npmjs.org/arr-flatten/-/arr-flatten-1.1.0.tgz 6148ms (cache miss)
1491 http fetch GET 200 https://registry.npmjs.org/is-glob/-/is-glob-3.1.0.tgz 6163ms (cache miss)
1492 http fetch GET 200 https://registry.npmjs.org/anymatch/-/anymatch-2.0.0.tgz 6147ms (cache miss)
1493 http fetch GET 200 https://registry.npmjs.org/send/-/send-1.2.1.tgz 6129ms (cache miss)
1494 http fetch GET 200 https://registry.npmjs.org/is-binary-path/-/is-binary-path-1.0.1.tgz 6198ms (cache miss)
1495 http fetch GET 200 https://registry.npmjs.org/cors/-/cors-2.8.6.tgz 6098ms (cache miss)
1496 http fetch GET 200 https://registry.npmjs.org/live-server/-/live-server-1.2.2.tgz 6889ms (cache miss)
1497 http fetch GET 200 https://registry.npmjs.org/statuses/-/statuses-2.0.2.tgz 6166ms (cache miss)
1498 http fetch GET 200 https://registry.npmjs.org/on-finished/-/on-finished-2.4.1.tgz 6165ms (cache miss)
1499 http fetch GET 200 https://registry.npmjs.org/debug/-/debug-4.4.3.tgz 6156ms (cache miss)
1500 http fetch GET 200 https://registry.npmjs.org/object-assign/-/object-assign-4.1.1.tgz 6146ms (cache miss)
1501 http fetch GET 200 https://registry.npmjs.org/morgan/-/morgan-1.11.0.tgz 6155ms (cache miss)
1502 http fetch GET 200 https://registry.npmjs.org/connect/-/connect-3.7.0.tgz 6136ms (cache miss)
1503 http fetch GET 200 https://registry.npmjs.org/opn/-/opn-6.0.0.tgz 6170ms (cache miss)
1504 warn deprecated opn@6.0.0: The package has been renamed to `open`
1505 http fetch GET 200 https://registry.npmjs.org/braces/-/braces-2.3.2.tgz 6252ms (cache miss)
1506 http fetch GET 200 https://registry.npmjs.org/on-finished/-/on-finished-2.4.1.tgz 6196ms (cache miss)
1507 http fetch GET 200 https://registry.npmjs.org/snapdragon/-/snapdragon-0.8.2.tgz 6396ms (cache miss)
1508 http fetch GET 200 https://registry.npmjs.org/http-errors/-/http-errors-2.0.1.tgz 6177ms (cache miss)
1509 http fetch GET 200 https://registry.npmjs.org/faye-websocket/-/faye-websocket-0.11.4.tgz 6207ms (cache miss)
1510 http fetch GET 200 https://registry.npmjs.org/proxy-middleware/-/proxy-middleware-0.15.0.tgz 6236ms (cache miss)
1511 warn deprecated uuid@3.4.0: uuid@10 and below is no longer supported.  For ESM codebases, update to uuid@latest.  For CommonJS codebases, use uuid@11 (but be aware this version will likely be deprecated in 2028).
1512 http fetch GET 200 https://registry.npmjs.org/mime-db/-/mime-db-1.52.0.tgz 6307ms (cache miss)
1513 http fetch GET 200 https://registry.npmjs.org/micromatch/-/micromatch-3.1.10.tgz 6387ms (cache miss)
1514 http fetch GET 200 https://registry.npmjs.org/chokidar/-/chokidar-2.1.8.tgz 6259ms (cache miss)
1515 http fetch GET 200 https://registry.npmjs.org/debug/-/debug-2.6.9.tgz 6489ms (cache miss)
1516 http fetch GET 200 https://registry.npmjs.org/event-stream/-/event-stream-3.3.4.tgz 6425ms (cache miss)
1517 http fetch GET 200 https://registry.npmjs.org/readable-stream/-/readable-stream-2.3.8.tgz 6960ms (cache miss)
1518 http fetch GET 200 https://registry.npmjs.org/http-auth/-/http-auth-3.1.3.tgz 6462ms (cache miss)
1519 http fetch GET 200 https://registry.npmjs.org/colors/-/colors-1.4.0.tgz 6457ms (cache miss)
1520 http fetch GET 200 https://registry.npmjs.org/source-map/-/source-map-0.5.7.tgz 7006ms (cache miss)
1521 http fetch GET 200 https://registry.npmjs.org/bcryptjs/-/bcryptjs-2.4.3.tgz 6858ms (cache miss)
1522 http fetch GET 200 https://registry.npmjs.org/websocket-driver/-/websocket-driver-0.7.5.tgz 6815ms (cache miss)
1523 http fetch GET 200 https://registry.npmjs.org/serve-index/-/serve-index-1.9.2.tgz 6928ms (cache miss)
1524 silly ADD node_modules/live-server
1525 silly ADD node_modules/live-server/node_modules/assign-symbols
1526 silly ADD node_modules/live-server/node_modules/remove-trailing-separator
1527 silly ADD node_modules/live-server/node_modules/websocket-extensions
1528 silly ADD node_modules/live-server/node_modules/http-parser-js
1529 silly ADD node_modules/live-server/node_modules/copy-descriptor
1530 silly ADD node_modules/live-server/node_modules/object-copy
1531 silly ADD node_modules/live-server/node_modules/object-copy/node_modules/is-descriptor
1532 silly ADD node_modules/live-server/node_modules/object-copy/node_modules/define-property
1533 silly ADD node_modules/live-server/node_modules/urix
1534 silly ADD node_modules/live-server/node_modules/source-map-url
1535 silly ADD node_modules/live-server/node_modules/resolve-url
1536 silly ADD node_modules/live-server/node_modules/decode-uri-component
1537 silly ADD node_modules/live-server/node_modules/atob
1538 silly ADD node_modules/live-server/node_modules/snapdragon-util
1539 silly ADD node_modules/live-server/node_modules/is-plain-object
1540 silly ADD node_modules/live-server/node_modules/for-in
1541 silly ADD node_modules/live-server/node_modules/has-values
1542 silly ADD node_modules/live-server/node_modules/has-values/node_modules/kind-of
1543 silly ADD node_modules/live-server/node_modules/object-visit
1544 silly ADD node_modules/live-server/node_modules/map-visit
1545 silly ADD node_modules/live-server/node_modules/static-extend
1546 silly ADD node_modules/live-server/node_modules/static-extend/node_modules/is-descriptor
1547 silly ADD node_modules/live-server/node_modules/static-extend/node_modules/define-property
1548 silly ADD node_modules/live-server/node_modules/arr-union
1549 silly ADD node_modules/live-server/node_modules/unset-value
1550 silly ADD node_modules/live-server/node_modules/unset-value/node_modules/has-values
1551 silly ADD node_modules/live-server/node_modules/unset-value/node_modules/has-value
1552 silly ADD node_modules/live-server/node_modules/unset-value/node_modules/has-value/node_modules/isobject
1553 silly ADD node_modules/live-server/node_modules/union-value
1554 silly ADD node_modules/live-server/node_modules/to-object-path
1555 silly ADD node_modules/live-server/node_modules/set-value
1556 silly ADD node_modules/live-server/node_modules/has-value
1557 silly ADD node_modules/live-server/node_modules/get-value
1558 silly ADD node_modules/live-server/node_modules/collection-visit
1559 silly ADD node_modules/live-server/node_modules/pascalcase
1560 silly ADD node_modules/live-server/node_modules/mixin-deep
1561 silly ADD node_modules/live-server/node_modules/mixin-deep/node_modules/is-extendable
1562 silly ADD node_modules/live-server/node_modules/component-emitter
1563 silly ADD node_modules/live-server/node_modules/class-utils
1564 silly ADD node_modules/live-server/node_modules/class-utils/node_modules/is-descriptor
1565 silly ADD node_modules/live-server/node_modules/class-utils/node_modules/define-property
1566 silly ADD node_modules/live-server/node_modules/cache-base
1567 silly ADD node_modules/live-server/node_modules/use
1568 silly ADD node_modules/live-server/node_modules/source-map-resolve
1569 silly ADD node_modules/live-server/node_modules/source-map
1570 silly ADD node_modules/live-server/node_modules/base
1571 silly ADD node_modules/live-server/node_modules/base/node_modules/define-property
1572 silly ADD node_modules/live-server/node_modules/negotiator
1573 silly ADD node_modules/live-server/node_modules/batch
1574 silly ADD node_modules/live-server/node_modules/accepts
1575 silly ADD node_modules/live-server/node_modules/accepts/node_modules/mime-db
1576 silly ADD node_modules/live-server/node_modules/accepts/node_modules/mime-types
1577 silly ADD node_modules/live-server/node_modules/mime-db
1578 silly ADD node_modules/live-server/node_modules/toidentifier
1579 silly ADD node_modules/live-server/node_modules/setprototypeof
1580 silly ADD node_modules/live-server/node_modules/range-parser
1581 silly ADD node_modules/live-server/node_modules/mime-types
1582 silly ADD node_modules/live-server/node_modules/http-errors
1583 silly ADD node_modules/live-server/node_modules/http-errors/node_modules/statuses
1584 silly ADD node_modules/live-server/node_modules/fresh
1585 silly ADD node_modules/live-server/node_modules/etag
1586 silly ADD node_modules/live-server/node_modules/ret
1587 silly ADD node_modules/live-server/node_modules/safe-regex
1588 silly ADD node_modules/live-server/node_modules/util-deprecate
1589 silly ADD node_modules/live-server/node_modules/string_decoder
1590 silly ADD node_modules/live-server/node_modules/process-nextick-args
1591 silly ADD node_modules/live-server/node_modules/isarray
1592 silly ADD node_modules/live-server/node_modules/core-util-is
1593 silly ADD node_modules/live-server/node_modules/readable-stream
1594 silly ADD node_modules/live-server/node_modules/graceful-fs
1595 silly ADD node_modules/live-server/node_modules/is-wsl
1596 silly ADD node_modules/live-server/node_modules/ee-first
1597 silly ADD node_modules/live-server/node_modules/is-windows
1598 silly ADD node_modules/live-server/node_modules/safe-buffer
1599 silly ADD node_modules/live-server/node_modules/on-headers
1600 silly ADD node_modules/live-server/node_modules/depd
1601 silly ADD node_modules/live-server/node_modules/basic-auth
1602 silly ADD node_modules/live-server/node_modules/function-bind
1603 silly ADD node_modules/live-server/node_modules/hasown
1604 silly ADD node_modules/live-server/node_modules/is-data-descriptor
1605 silly ADD node_modules/live-server/node_modules/is-accessor-descriptor
1606 silly ADD node_modules/live-server/node_modules/map-cache
1607 silly ADD node_modules/live-server/node_modules/posix-character-classes
1608 silly ADD node_modules/live-server/node_modules/expand-brackets
1609 silly ADD node_modules/live-server/node_modules/expand-brackets/node_modules/is-descriptor
1610 silly ADD node_modules/live-server/node_modules/expand-brackets/node_modules/define-property
1611 silly ADD node_modules/live-server/node_modules/is-descriptor
1612 silly ADD node_modules/live-server/node_modules/regex-not
1613 silly ADD node_modules/live-server/node_modules/regex-not/node_modules/is-extendable
1614 silly ADD node_modules/live-server/node_modules/regex-not/node_modules/extend-shallow
1615 silly ADD node_modules/live-server/node_modules/object.pick
1616 silly ADD node_modules/live-server/node_modules/nanomatch
1617 silly ADD node_modules/live-server/node_modules/nanomatch/node_modules/is-extendable
1618 silly ADD node_modules/live-server/node_modules/nanomatch/node_modules/kind-of
1619 silly ADD node_modules/live-server/node_modules/nanomatch/node_modules/extend-shallow
1620 silly ADD node_modules/live-server/node_modules/fragment-cache
1621 silly ADD node_modules/live-server/node_modules/extglob
1622 silly ADD node_modules/live-server/node_modules/extglob/node_modules/define-property
1623 silly ADD node_modules/live-server/node_modules/define-property
1624 silly ADD node_modules/live-server/node_modules/arr-diff
1625 silly ADD node_modules/live-server/node_modules/is-buffer
1626 silly ADD node_modules/live-server/node_modules/kind-of
1627 silly ADD node_modules/live-server/node_modules/is-extglob
1628 silly ADD node_modules/live-server/node_modules/binary-extensions
1629 silly ADD node_modules/live-server/node_modules/unix-crypt-td-js
1630 silly ADD node_modules/live-server/node_modules/uuid
1631 silly ADD node_modules/live-server/node_modules/bcryptjs
1632 silly ADD node_modules/live-server/node_modules/apache-md5
1633 silly ADD node_modules/live-server/node_modules/apache-crypt
1634 silly ADD node_modules/live-server/node_modules/path-dirname
1635 silly ADD node_modules/live-server/node_modules/unpipe
1636 silly ADD node_modules/live-server/node_modules/statuses
1637 silly ADD node_modules/live-server/node_modules/on-finished
1638 silly ADD node_modules/live-server/node_modules/escape-html
1639 silly ADD node_modules/live-server/node_modules/encodeurl
1640 silly ADD node_modules/live-server/node_modules/to-regex-range
1641 silly ADD node_modules/live-server/node_modules/repeat-string
1642 silly ADD node_modules/live-server/node_modules/is-number
1643 silly ADD node_modules/live-server/node_modules/websocket-driver
1644 silly ADD node_modules/live-server/node_modules/is-extendable
1645 silly ADD node_modules/live-server/node_modules/through
1646 silly ADD node_modules/live-server/node_modules/stream-combiner
1647 silly ADD node_modules/live-server/node_modules/split
1648 silly ADD node_modules/live-server/node_modules/pause-stream
1649 silly ADD node_modules/live-server/node_modules/map-stream
1650 silly ADD node_modules/live-server/node_modules/from
1651 silly ADD node_modules/live-server/node_modules/duplexer
1652 silly ADD node_modules/live-server/node_modules/ms
1653 silly ADD node_modules/live-server/node_modules/vary
1654 silly ADD node_modules/live-server/node_modules/utils-merge
1655 silly ADD node_modules/live-server/node_modules/parseurl
1656 silly ADD node_modules/live-server/node_modules/finalhandler
1657 silly ADD node_modules/live-server/node_modules/debug
1658 silly ADD node_modules/live-server/node_modules/to-regex
1659 silly ADD node_modules/live-server/node_modules/to-regex/node_modules/is-extendable
1660 silly ADD node_modules/live-server/node_modules/to-regex/node_modules/extend-shallow
1661 silly ADD node_modules/live-server/node_modules/split-string
1662 silly ADD node_modules/live-server/node_modules/split-string/node_modules/is-extendable
1663 silly ADD node_modules/live-server/node_modules/split-string/node_modules/extend-shallow
1664 silly ADD node_modules/live-server/node_modules/snapdragon-node
1665 silly ADD node_modules/live-server/node_modules/snapdragon-node/node_modules/define-property
1666 silly ADD node_modules/live-server/node_modules/snapdragon
1667 silly ADD node_modules/live-server/node_modules/snapdragon/node_modules/is-descriptor
1668 silly ADD node_modules/live-server/node_modules/snapdragon/node_modules/define-property
1669 silly ADD node_modules/live-server/node_modules/repeat-element
1670 silly ADD node_modules/live-server/node_modules/isobject
1671 silly ADD node_modules/live-server/node_modules/fill-range
1672 silly ADD node_modules/live-server/node_modules/extend-shallow
1673 silly ADD node_modules/live-server/node_modules/array-unique
1674 silly ADD node_modules/live-server/node_modules/arr-flatten
1675 silly ADD node_modules/live-server/node_modules/micromatch
1676 silly ADD node_modules/live-server/node_modules/micromatch/node_modules/is-extendable
1677 silly ADD node_modules/live-server/node_modules/micromatch/node_modules/kind-of
1678 silly ADD node_modules/live-server/node_modules/micromatch/node_modules/extend-shallow
1679 silly ADD node_modules/live-server/node_modules/upath
1680 silly ADD node_modules/live-server/node_modules/readdirp
1681 silly ADD node_modules/live-server/node_modules/path-is-absolute
1682 silly ADD node_modules/live-server/node_modules/normalize-path
1683 silly ADD node_modules/live-server/node_modules/is-glob
1684 silly ADD node_modules/live-server/node_modules/is-binary-path
1685 silly ADD node_modules/live-server/node_modules/inherits
1686 silly ADD node_modules/live-server/node_modules/glob-parent
1687 silly ADD node_modules/live-server/node_modules/glob-parent/node_modules/is-glob
1688 silly ADD node_modules/live-server/node_modules/braces
1689 silly ADD node_modules/live-server/node_modules/async-each
1690 silly ADD node_modules/live-server/node_modules/anymatch
1691 silly ADD node_modules/live-server/node_modules/anymatch/node_modules/normalize-path
1692 silly ADD node_modules/live-server/node_modules/serve-index
1693 silly ADD node_modules/live-server/node_modules/serve-index/node_modules/mime-db
1694 silly ADD node_modules/live-server/node_modules/serve-index/node_modules/depd
1695 silly ADD node_modules/live-server/node_modules/serve-index/node_modules/mime-types
1696 silly ADD node_modules/live-server/node_modules/serve-index/node_modules/http-errors
1697 silly ADD node_modules/live-server/node_modules/send
1698 silly ADD node_modules/live-server/node_modules/send/node_modules/statuses
1699 silly ADD node_modules/live-server/node_modules/send/node_modules/on-finished
1700 silly ADD node_modules/live-server/node_modules/send/node_modules/ms
1701 silly ADD node_modules/live-server/node_modules/send/node_modules/encodeurl
1702 silly ADD node_modules/live-server/node_modules/send/node_modules/debug
1703 silly ADD node_modules/live-server/node_modules/proxy-middleware
1704 silly ADD node_modules/live-server/node_modules/opn
1705 silly ADD node_modules/live-server/node_modules/object-assign
1706 silly ADD node_modules/live-server/node_modules/morgan
1707 silly ADD node_modules/live-server/node_modules/morgan/node_modules/on-finished
1708 silly ADD node_modules/live-server/node_modules/http-auth
1709 silly ADD node_modules/live-server/node_modules/faye-websocket
1710 silly ADD node_modules/live-server/node_modules/event-stream
1711 silly ADD node_modules/live-server/node_modules/cors
1712 silly ADD node_modules/live-server/node_modules/connect
1713 silly ADD node_modules/live-server/node_modules/colors
1714 silly ADD node_modules/live-server/node_modules/chokidar
1715 verbose cwd /data/data/com.termux/files/home
1716 verbose os Linux 4.19.191-27193134-abA037FXXS8CYE1
1717 verbose node v24.18.0
1718 verbose npm  v11.18.0
1719 notice
1719 notice New [31mmajor[39m version of npm available! [31m11.18.0[39m -> [34m12.0.1[39m
1719 notice Changelog: [34mhttps://github.com/npm/cli/releases/tag/v12.0.1[39m
1719 notice To update run: [4mnpm install -g npm@12.0.1[24m
1719 notice  { force: true, Symbol(proc-log.meta): true }
1720 verbose exit 0
1721 info ok
